source,target
<ATTRS> ‡∏Å‡πç‡∏≤‡∏•‡∏±‡∏á‡πÉ‡∏à‚ñÅ‡∏™‡∏π‡πâ‡πÜ <CONT_START> ‡πÄ‡∏£‡∏≤‡πÄ‡∏Ç‡πâ‡∏≤‡πÉ‡∏à ‡πÄ‡∏£‡∏≤‡πÄ‡∏õ‡πá‡∏ô‡∏Å‡∏≥‡∏•‡∏±‡∏á‡πÉ‡∏à‡πÉ‡∏´‡πâ‡∏ô‡∏∞  <START>,<ATTRS> ‡∏Å‡πç‡∏≤‡∏•‡∏±‡∏á‡πÉ‡∏à‚ñÅ‡∏™‡∏π‡πâ‡πÜ <CONT_START> ‡πÄ‡∏£‡∏≤‡πÄ‡∏Ç‡πâ‡∏≤‡πÉ‡∏à ‡πÄ‡∏£‡∏≤‡πÄ‡∏õ‡πá‡∏ô‡∏Å‡∏≥‡∏•‡∏±‡∏á‡πÉ‡∏à‡πÉ‡∏´‡πâ‡∏ô‡∏∞  <START> ‡πÄ‡∏£‡∏≤‡πÄ‡∏Ç‡πâ‡∏≤‡πÉ‡∏à ‡πÄ‡∏£‡∏≤‡πÄ‡∏õ‡πá‡∏ô‡∏Å‡∏≥‡∏•‡∏±‡∏á‡πÉ‡∏à‡πÉ‡∏´‡πâ‡∏ô‡∏∞ ‡∏™‡∏π‡πâ‡πÜ
<ATTRS> ‡∏Å‡πç‡∏≤‡∏•‡∏±‡∏á‡πÉ‡∏à‚ñÅ‡∏™‡∏π‡πâ‡πÜ <CONT_START> ‡∏û‡∏µ‡πà‡πÄ‡∏õ‡πá‡∏ô‡∏Å‡∏≥‡∏•‡∏±‡∏á‡πÉ‡∏à‡πÉ‡∏´‡πâ‡∏Å‡∏±‡∏ö‡∏ó‡∏∏‡∏Å‡∏Ñ‡∏ô‡πÄ‡∏•‡∏¢  <START>,<ATTRS> ‡∏Å‡πç‡∏≤‡∏•‡∏±‡∏á‡πÉ‡∏à‚ñÅ‡∏™‡∏π‡πâ‡πÜ <CONT_START> ‡∏û‡∏µ‡πà‡πÄ‡∏õ‡πá‡∏ô‡∏Å‡∏≥‡∏•‡∏±‡∏á‡πÉ‡∏à‡πÉ‡∏´‡πâ‡∏Å‡∏±‡∏ö‡∏ó‡∏∏‡∏Å‡∏Ñ‡∏ô‡πÄ‡∏•‡∏¢  <START> ‡∏û‡∏µ‡πà‡πÄ‡∏õ‡πá‡∏ô‡∏Å‡∏≥‡∏•‡∏±‡∏á‡πÉ‡∏à‡πÉ‡∏´‡πâ‡∏Å‡∏±‡∏ö‡∏ó‡∏∏‡∏Å‡∏Ñ‡∏ô‡πÄ‡∏•‡∏¢ ‡∏™‡∏π‡πâ‡πÜ
<ATTRS> ‚ñÅ‡∏î‡∏µ‡πÉ‡∏à‡∏î‡πâ‡∏ß‡∏¢ ‡∏ó‡∏∏‡∏Å‡∏Ñ‡∏ô <CONT_START>  <START>,<ATTRS> ‚ñÅ‡∏î‡∏µ‡πÉ‡∏à‡∏î‡πâ‡∏ß‡∏¢ ‡∏ó‡∏∏‡∏Å‡∏Ñ‡∏ô <CONT_START>  <START> ‡∏î‡∏µ‡πÉ‡∏à‡∏î‡πâ‡∏ß‡∏¢‡∏ó‡∏∏‡∏Å‡∏Ñ‡∏ô
<ATTRS> ‡∏™‡∏π‡πâ‡πÜ‡∏ô‡∏∞‡∏Ñ‡∏∞ <CONT_START> ‡∏ä‡∏µ‡∏ß‡∏¥‡∏ï‡∏à‡∏∞‡∏™‡∏≥‡πÄ‡∏£‡πá‡∏à‡∏≠‡∏¢‡∏π‡πà‡∏ó‡∏µ‡πà‡∏Ñ‡∏ß‡∏≤‡∏°‡∏û‡∏¢‡∏≤‡∏¢‡∏≤‡∏° ‡πÄ‡∏Ç‡πâ‡∏°‡πÅ‡∏Ç‡πá‡∏á‡πÄ‡∏î‡∏¥‡∏ô‡∏ó‡∏≤‡∏á‡∏ó‡∏µ‡πà‡∏ñ‡∏π‡∏Å‡∏≠‡∏∞‡πÑ‡∏£‡∏Å‡πâ‡∏≠‡πÄ‡∏Å‡∏¥‡∏î‡∏Ç‡∏∂‡πâ‡∏ô‡πÑ‡∏î‡πâ  <START>,<ATTRS> ‡∏™‡∏π‡πâ‡πÜ‡∏ô‡∏∞‡∏Ñ‡∏∞ <CONT_START> ‡∏ä‡∏µ‡∏ß‡∏¥‡∏ï‡∏à‡∏∞‡∏™‡∏≥‡πÄ‡∏£‡πá‡∏à‡∏≠‡∏¢‡∏π‡πà‡∏ó‡∏µ‡πà‡∏Ñ‡∏ß‡∏≤‡∏°‡∏û‡∏¢‡∏≤‡∏¢‡∏≤‡∏° ‡πÄ‡∏Ç‡πâ‡∏°‡πÅ‡∏Ç‡πá‡∏á‡πÄ‡∏î‡∏¥‡∏ô‡∏ó‡∏≤‡∏á‡∏ó‡∏µ‡πà‡∏ñ‡∏π‡∏Å‡∏≠‡∏∞‡πÑ‡∏£‡∏Å‡πâ‡∏≠‡πÄ‡∏Å‡∏¥‡∏î‡∏Ç‡∏∂‡πâ‡∏ô‡πÑ‡∏î‡πâ  <START> ‡∏ä‡∏µ‡∏ß‡∏¥‡∏ï‡∏à‡∏∞‡∏™‡∏≥‡πÄ‡∏£‡πá‡∏à‡∏≠‡∏¢‡∏π‡πà‡∏ó‡∏µ‡πà‡∏Ñ‡∏ß‡∏≤‡∏°‡∏û‡∏¢‡∏≤‡∏¢‡∏≤‡∏° ‡πÄ‡∏Ç‡πâ‡∏°‡πÅ‡∏Ç‡πá‡∏á‡πÄ‡∏î‡∏¥‡∏ô‡∏ó‡∏≤‡∏á‡∏ó‡∏µ‡πà‡∏ñ‡∏π‡∏Å‡∏≠‡∏∞‡πÑ‡∏£‡∏Å‡πâ‡∏≠‡πÄ‡∏Å‡∏¥‡∏î‡∏Ç‡∏∂‡πâ‡∏ô‡πÑ‡∏î‡πâ ‡∏™‡∏π‡πâ‡πÜ‡∏ô‡∏∞‡∏Ñ‡∏∞
<ATTRS> ‡∏Å‡πç‡∏≤‡∏•‡∏±‡∏á‡πÉ‡∏à‡∏Ç‡∏≠‡∏ö‡∏Ñ‡∏∏‡∏ì‡∏ó‡∏∏‡∏Å‡∏î‡∏µ‡∏ó‡∏µ‡πà‡∏™‡∏∏‡∏î <CONT_START> ‡∏Å‡∏≥‡∏•‡∏±‡∏á‡πÉ‡∏à‡∏ô‡∏∞‡∏Ñ‡∏∞ ‡∏à‡∏∞‡∏û‡∏¢‡∏≤‡∏¢‡∏≤‡∏°‡∏ó‡∏≥‡∏õ‡∏±‡∏à‡∏à‡∏∏‡∏ö‡∏±‡∏ô‡πÉ‡∏´‡πâ <START>,<ATTRS> ‡∏Å‡πç‡∏≤‡∏•‡∏±‡∏á‡πÉ‡∏à‡∏Ç‡∏≠‡∏ö‡∏Ñ‡∏∏‡∏ì‡∏ó‡∏∏‡∏Å‡∏î‡∏µ‡∏ó‡∏µ‡πà‡∏™‡∏∏‡∏î <CONT_START> ‡∏Å‡∏≥‡∏•‡∏±‡∏á‡πÉ‡∏à‡∏ô‡∏∞‡∏Ñ‡∏∞ ‡∏à‡∏∞‡∏û‡∏¢‡∏≤‡∏¢‡∏≤‡∏°‡∏ó‡∏≥‡∏õ‡∏±‡∏à‡∏à‡∏∏‡∏ö‡∏±‡∏ô‡πÉ‡∏´‡πâ <START> ‡∏Ç‡∏≠‡∏ö‡∏Ñ‡∏∏‡∏ì‡∏ó‡∏∏‡∏Å‡∏Å‡∏≥‡∏•‡∏±‡∏á‡πÉ‡∏à‡∏ô‡∏∞‡∏Ñ‡∏∞ ‡∏à‡∏∞‡∏û‡∏¢‡∏≤‡∏¢‡∏≤‡∏°‡∏ó‡∏≥‡∏õ‡∏±‡∏à‡∏à‡∏∏‡∏ö‡∏±‡∏ô‡πÉ‡∏´‡πâ‡∏î‡∏µ‡∏ó‡∏µ‡πà‡∏™‡∏∏‡∏î
<ATTRS> ‡∏™‡∏π‡πâ‡πÜ‡∏ô‡∏∞‚úå <CONT_START> ‡πÄ‡∏ò‡∏≠ <START>,<ATTRS> ‡∏™‡∏π‡πâ‡πÜ‡∏ô‡∏∞‚úå <CONT_START> ‡πÄ‡∏ò‡∏≠ <START> ‡∏™‡∏π‡πâ‡πÜ‡∏ô‡∏∞‡πÄ‡∏ò‡∏≠‚úå
<ATTRS> ‡∏Å‡πç‡∏≤‡∏•‡∏±‡∏á‡πÉ‡∏à‡∏Ñ‡∏£‡∏±‡∏ö ‚ñÅ‡∏¢‡∏±‡∏á‡∏°‡∏µ ‡∏´‡∏ô‡∏ó‡∏≤‡∏á‡∏™‡∏π‡πâ‡πÜ‡πÜ <CONT_START> ‡∏Ñ‡∏£‡∏±‡∏ö ‡∏¢‡∏±‡∏á‡∏°‡∏µ‡∏´‡∏ô‡∏ó‡∏≤‡∏á‡∏≠‡∏¢‡∏π‡πà‡∏Ñ‡∏£‡∏±‡∏ö ‡∏ú‡∏°‡πÄ‡∏õ‡πá‡∏ô‡∏Å‡∏≥‡∏•‡∏±‡∏á‡πÉ‡∏à‡πÉ‡∏´‡πâ <START>,<ATTRS> ‡∏Å‡πç‡∏≤‡∏•‡∏±‡∏á‡πÉ‡∏à‡∏Ñ‡∏£‡∏±‡∏ö ‚ñÅ‡∏¢‡∏±‡∏á‡∏°‡∏µ ‡∏´‡∏ô‡∏ó‡∏≤‡∏á‡∏™‡∏π‡πâ‡πÜ‡πÜ <CONT_START> ‡∏Ñ‡∏£‡∏±‡∏ö ‡∏¢‡∏±‡∏á‡∏°‡∏µ‡∏´‡∏ô‡∏ó‡∏≤‡∏á‡∏≠‡∏¢‡∏π‡πà‡∏Ñ‡∏£‡∏±‡∏ö ‡∏ú‡∏°‡πÄ‡∏õ‡πá‡∏ô‡∏Å‡∏≥‡∏•‡∏±‡∏á‡πÉ‡∏à‡πÉ‡∏´‡πâ <START> ‡∏™‡∏π‡πâ‡πÜ‡πÜ‡∏Ñ‡∏£‡∏±‡∏ö ‡∏¢‡∏±‡∏á‡∏°‡∏µ‡∏´‡∏ô‡∏ó‡∏≤‡∏á‡∏≠‡∏¢‡∏π‡πà‡∏Ñ‡∏£‡∏±‡∏ö ‡∏ú‡∏°‡πÄ‡∏õ‡πá‡∏ô‡∏Å‡∏≥‡∏•‡∏±‡∏á‡πÉ‡∏à‡πÉ‡∏´‡πâ
<ATTRS> ‚ñÅ‡∏™‡∏π‡πâ‡πÜ‚ñÅ‡∏≠‡∏¢‡πà‡∏≤ ‡∏ó‡πâ‡∏≠‚úå <CONT_START>  ‡∏Å‡∏∞‡∏≠‡∏µ  ‡πÄ‡∏£‡∏≤‡∏ï‡πâ‡∏≠‡∏á‡πÄ‡∏î‡∏¥‡∏ô‡∏Ç‡πâ‡∏≤‡∏á‡∏´‡∏ô‡πâ‡∏≤‡∏ï‡πà‡∏≠‡πÑ‡∏õ  <START>,<ATTRS> ‚ñÅ‡∏™‡∏π‡πâ‡πÜ‚ñÅ‡∏≠‡∏¢‡πà‡∏≤ ‡∏ó‡πâ‡∏≠‚úå <CONT_START>  ‡∏Å‡∏∞‡∏≠‡∏µ  ‡πÄ‡∏£‡∏≤‡∏ï‡πâ‡∏≠‡∏á‡πÄ‡∏î‡∏¥‡∏ô‡∏Ç‡πâ‡∏≤‡∏á‡∏´‡∏ô‡πâ‡∏≤‡∏ï‡πà‡∏≠‡πÑ‡∏õ  <START> ‡∏™‡∏π‡πâ‡πÜ ‡∏Å‡∏∞‡∏≠‡∏µ ‡∏≠‡∏¢‡πà‡∏≤‡∏ó‡πâ‡∏≠ ‡πÄ‡∏£‡∏≤‡∏ï‡πâ‡∏≠‡∏á‡πÄ‡∏î‡∏¥‡∏ô‡∏Ç‡πâ‡∏≤‡∏á‡∏´‡∏ô‡πâ‡∏≤‡∏ï‡πà‡∏≠‡πÑ‡∏õ ‚úå
<ATTRS> ‡∏ó‡πç‡∏≤‡πÑ‡∏î‡πâ‡∏î‡∏µ‡πÄ‡∏£‡∏≤‡∏ä‡∏≠‡∏ö‡∏°‡∏µ‡∏Ñ‡∏ß‡∏≤‡∏°‡∏™‡∏∏‡∏Ç <CONT_START> ‡πÄ‡∏£‡∏µ‡∏¢‡∏ô‡∏™‡∏¥‡πà‡∏á‡∏ó‡∏µ‡πà‡πÄ‡∏£‡∏≤‡∏£‡∏±‡∏Å ‡πÄ‡∏û‡∏£‡∏≤‡∏∞‡πÄ‡∏£‡∏≤‡∏à‡∏∞‡∏ó‡∏≥‡πÑ‡∏î‡πâ‡∏î‡∏µ  <START>,<ATTRS> ‡∏ó‡πç‡∏≤‡πÑ‡∏î‡πâ‡∏î‡∏µ‡πÄ‡∏£‡∏≤‡∏ä‡∏≠‡∏ö‡∏°‡∏µ‡∏Ñ‡∏ß‡∏≤‡∏°‡∏™‡∏∏‡∏Ç <CONT_START> ‡πÄ‡∏£‡∏µ‡∏¢‡∏ô‡∏™‡∏¥‡πà‡∏á‡∏ó‡∏µ‡πà‡πÄ‡∏£‡∏≤‡∏£‡∏±‡∏Å ‡πÄ‡∏û‡∏£‡∏≤‡∏∞‡πÄ‡∏£‡∏≤‡∏à‡∏∞‡∏ó‡∏≥‡πÑ‡∏î‡πâ‡∏î‡∏µ  <START> ‡πÄ‡∏£‡∏µ‡∏¢‡∏ô‡∏™‡∏¥‡πà‡∏á‡∏ó‡∏µ‡πà‡πÄ‡∏£‡∏≤‡∏£‡∏±‡∏Å ‡πÄ‡∏£‡∏≤‡∏ä‡∏≠‡∏ö‡πÄ‡∏û‡∏£‡∏≤‡∏∞‡πÄ‡∏£‡∏≤‡∏à‡∏∞‡∏ó‡∏≥‡πÑ‡∏î‡πâ‡∏î‡∏µ ‡∏°‡∏µ‡∏Ñ‡∏ß‡∏≤‡∏°‡∏™‡∏∏‡∏Ç
<ATTRS> ‚ñÅ‡∏™‡∏π‡πâ‡πÜüòä‚úå <CONT_START>  ‡∏ô‡∏∞ ‡∏ä‡∏µ‡∏ß‡∏¥‡∏ï‡∏Ñ‡∏∑‡∏≠‡∏Å‡∏≤‡∏£‡∏ï‡πà‡∏≠‡∏™‡∏π‡πâ  <START>,<ATTRS> ‚ñÅ‡∏™‡∏π‡πâ‡πÜüòä‚úå <CONT_START>  ‡∏ô‡∏∞ ‡∏ä‡∏µ‡∏ß‡∏¥‡∏ï‡∏Ñ‡∏∑‡∏≠‡∏Å‡∏≤‡∏£‡∏ï‡πà‡∏≠‡∏™‡∏π‡πâ  <START> ‡∏™‡∏π‡πâ‡πÜ ‡∏ô‡∏∞ ‡∏ä‡∏µ‡∏ß‡∏¥‡∏ï‡∏Ñ‡∏∑‡∏≠‡∏Å‡∏≤‡∏£‡∏ï‡πà‡∏≠‡∏™‡∏π‡πâ üòä‚úå
<ATTRS> ‡∏ó‡∏µ‡πà‡∏ô‡πà‡∏≤‡∏î‡∏µ‡πÉ‡∏à <CONT_START> ‡πÄ‡∏£‡∏∑‡πà‡∏≠‡∏á‡∏Å‡∏ß‡πà‡∏≤‡∏Å‡∏≤‡∏£‡∏™‡∏≠‡∏ö‡∏ï‡∏¥‡∏î ‡∏Ñ‡∏∑‡∏≠‡∏Å‡∏≤‡∏£‡πÑ‡∏î‡πâ‡∏Ñ‡πâ‡∏ô‡∏û‡∏ö‡∏ï‡∏±‡∏ß‡πÄ‡∏≠‡∏á <START>,<ATTRS> ‡∏ó‡∏µ‡πà‡∏ô‡πà‡∏≤‡∏î‡∏µ‡πÉ‡∏à <CONT_START> ‡πÄ‡∏£‡∏∑‡πà‡∏≠‡∏á‡∏Å‡∏ß‡πà‡∏≤‡∏Å‡∏≤‡∏£‡∏™‡∏≠‡∏ö‡∏ï‡∏¥‡∏î ‡∏Ñ‡∏∑‡∏≠‡∏Å‡∏≤‡∏£‡πÑ‡∏î‡πâ‡∏Ñ‡πâ‡∏ô‡∏û‡∏ö‡∏ï‡∏±‡∏ß‡πÄ‡∏≠‡∏á <START> ‡πÄ‡∏£‡∏∑‡πà‡∏≠‡∏á‡∏ó‡∏µ‡πà‡∏ô‡πà‡∏≤‡∏î‡∏µ‡πÉ‡∏à‡∏Å‡∏ß‡πà‡∏≤‡∏Å‡∏≤‡∏£‡∏™‡∏≠‡∏ö‡∏ï‡∏¥‡∏î ‡∏Ñ‡∏∑‡∏≠‡∏Å‡∏≤‡∏£‡πÑ‡∏î‡πâ‡∏Ñ‡πâ‡∏ô‡∏û‡∏ö‡∏ï‡∏±‡∏ß‡πÄ‡∏≠‡∏á
<ATTRS> ‡∏î‡∏µ‡πÉ‡∏à‡∏ó‡∏µ‡πà‡πÑ‡∏î‡πâüíï <CONT_START> ‡∏Å‡∏•‡∏±‡∏ö‡∏°‡∏≤‡∏à‡∏≤‡∏Å‡∏ô‡∏Ñ‡∏£ ‡∏Å‡πá‡πÑ‡∏õ‡∏´‡∏≤‡πÄ‡∏à‡πâ‡πÄ‡∏•‡∏¢‡∏¢‡∏¢ ‡πÄ‡∏à‡∏≠‡∏ô‡∏∞‡∏Ñ‡πâ‡∏≤‡∏≤‡∏≤ ‡∏´‡∏ô‡∏π‡∏™‡∏≠‡∏ö‡∏ï‡∏¥‡∏î‡πÅ‡∏•‡πâ‡∏ß‡πÑ‡∏ß‡πâ‡πÑ‡∏õ‡∏ï‡∏≤‡∏°‡∏ö‡πà‡∏≠‡∏¢‡πÜ  // ‡∏Å‡∏≠‡∏î üòö <START>,<ATTRS> ‡∏î‡∏µ‡πÉ‡∏à‡∏ó‡∏µ‡πà‡πÑ‡∏î‡πâüíï <CONT_START> ‡∏Å‡∏•‡∏±‡∏ö‡∏°‡∏≤‡∏à‡∏≤‡∏Å‡∏ô‡∏Ñ‡∏£ ‡∏Å‡πá‡πÑ‡∏õ‡∏´‡∏≤‡πÄ‡∏à‡πâ‡πÄ‡∏•‡∏¢‡∏¢‡∏¢ ‡πÄ‡∏à‡∏≠‡∏ô‡∏∞‡∏Ñ‡πâ‡∏≤‡∏≤‡∏≤ ‡∏´‡∏ô‡∏π‡∏™‡∏≠‡∏ö‡∏ï‡∏¥‡∏î‡πÅ‡∏•‡πâ‡∏ß‡πÑ‡∏ß‡πâ‡πÑ‡∏õ‡∏ï‡∏≤‡∏°‡∏ö‡πà‡∏≠‡∏¢‡πÜ  // ‡∏Å‡∏≠‡∏î üòö <START> ‡∏Å‡∏•‡∏±‡∏ö‡∏°‡∏≤‡∏à‡∏≤‡∏Å‡∏ô‡∏Ñ‡∏£ ‡∏Å‡πá‡πÑ‡∏õ‡∏´‡∏≤‡πÄ‡∏à‡πâ‡πÄ‡∏•‡∏¢‡∏¢‡∏¢ ‡∏î‡∏µ‡πÉ‡∏à‡∏ó‡∏µ‡πà‡πÑ‡∏î‡πâ‡πÄ‡∏à‡∏≠‡∏ô‡∏∞‡∏Ñ‡πâ‡∏≤‡∏≤‡∏≤ ‡∏´‡∏ô‡∏π‡∏™‡∏≠‡∏ö‡∏ï‡∏¥‡∏î‡πÅ‡∏•‡πâ‡∏ß‡πÑ‡∏ß‡πâ‡πÑ‡∏õ‡∏ï‡∏≤‡∏°‡∏ö‡πà‡∏≠‡∏¢‡πÜ üíïüíï // ‡∏Å‡∏≠‡∏î üòö
<ATTRS> ‡∏ó‡πç‡∏≤‡πÑ‡∏î‡πâ ‡πÜ‡πÜ‡πÜ ‚ñÅ ‡πÄ‡∏¢‡πâ <CONT_START> ‡∏ó‡∏≥‡πÑ‡∏î‡πâ‡πÜ‡πÜ‡πÜ ‡πÄ‡∏¢‡πâ‡πÜ <START>,<ATTRS> ‡∏ó‡πç‡∏≤‡πÑ‡∏î‡πâ ‡πÜ‡πÜ‡πÜ ‚ñÅ ‡πÄ‡∏¢‡πâ <CONT_START> ‡∏ó‡∏≥‡πÑ‡∏î‡πâ‡πÜ‡πÜ‡πÜ ‡πÄ‡∏¢‡πâ‡πÜ <START> ‡∏ó‡∏≥‡πÑ‡∏î‡πâ‡πÜ‡πÜ‡πÜ ‡πÄ‡∏¢‡πâ‡πÜ
<ATTRS> ‡∏ï‡∏¥‡∏î ‡πÄ‡πÄ‡∏•‡πâ‡∏ß ‡∏ß‡∏ß‡∏ß <CONT_START> ‡∏ß‡∏ß‡∏ß‡∏ß‡∏ß‡∏ß‡∏ß‡∏ß‡∏ß <START>,<ATTRS> ‡∏ï‡∏¥‡∏î ‡πÄ‡πÄ‡∏•‡πâ‡∏ß ‡∏ß‡∏ß‡∏ß <CONT_START> ‡∏ß‡∏ß‡∏ß‡∏ß‡∏ß‡∏ß‡∏ß‡∏ß‡∏ß <START> ‡∏ï‡∏¥‡∏î‡πÄ‡πÄ‡∏•‡πâ‡∏ß‡∏ß‡∏ß‡∏ß‡∏ß‡∏ß‡∏ß‡∏ß‡∏ß‡∏ß‡∏ß‡∏ß‡∏ß
<ATTRS> ‡∏¢‡∏¥‡∏ô‡∏î‡∏µ‡∏î‡∏µ‡πÉ‡∏à <CONT_START> ‡πÅ‡∏•‡∏∞‡∏î‡πâ‡∏ß‡∏¢‡∏Ñ‡πà‡∏∞‡∏Å‡∏±‡∏ö‡πÄ‡∏û‡∏∑‡πà‡∏≠‡∏ô‡πÜ‡∏ó‡∏∏‡∏Å‡∏Ñ‡∏ô‡πÄ‡∏•‡∏¢ <START>,<ATTRS> ‡∏¢‡∏¥‡∏ô‡∏î‡∏µ‡∏î‡∏µ‡πÉ‡∏à <CONT_START> ‡πÅ‡∏•‡∏∞‡∏î‡πâ‡∏ß‡∏¢‡∏Ñ‡πà‡∏∞‡∏Å‡∏±‡∏ö‡πÄ‡∏û‡∏∑‡πà‡∏≠‡∏ô‡πÜ‡∏ó‡∏∏‡∏Å‡∏Ñ‡∏ô‡πÄ‡∏•‡∏¢ <START> ‡∏¢‡∏¥‡∏ô‡∏î‡∏µ‡πÅ‡∏•‡∏∞‡∏î‡∏µ‡πÉ‡∏à‡∏î‡πâ‡∏ß‡∏¢‡∏Ñ‡πà‡∏∞‡∏Å‡∏±‡∏ö‡πÄ‡∏û‡∏∑‡πà‡∏≠‡∏ô‡πÜ‡∏ó‡∏∏‡∏Å‡∏Ñ‡∏ô‡πÄ‡∏•‡∏¢
<ATTRS> ‡∏™‡∏π‡πâ‡πÜ‡∏ô‡∏∞ <CONT_START> ‡∏Ñ‡∏£‡∏±‡∏ä‡∏ä‡∏ä‡∏ä ‡∏Ç‡∏≠‡πÉ‡∏´‡πâ‡∏ï‡∏¥‡∏î‡∏Ñ‡∏ì‡∏∞‡πÅ‡∏•‡∏∞‡∏°‡∏´‡∏≤‡∏•‡∏±‡∏¢‡∏ó‡∏µ‡πà‡∏≠‡∏¢‡∏≤‡∏Å‡πÄ‡∏Ç‡πâ‡∏≤‡πÄ‡∏î‡πâ‡∏≠ <START>,<ATTRS> ‡∏™‡∏π‡πâ‡πÜ‡∏ô‡∏∞ <CONT_START> ‡∏Ñ‡∏£‡∏±‡∏ä‡∏ä‡∏ä‡∏ä ‡∏Ç‡∏≠‡πÉ‡∏´‡πâ‡∏ï‡∏¥‡∏î‡∏Ñ‡∏ì‡∏∞‡πÅ‡∏•‡∏∞‡∏°‡∏´‡∏≤‡∏•‡∏±‡∏¢‡∏ó‡∏µ‡πà‡∏≠‡∏¢‡∏≤‡∏Å‡πÄ‡∏Ç‡πâ‡∏≤‡πÄ‡∏î‡πâ‡∏≠ <START> ‡∏™‡∏π‡πâ‡πÜ‡∏ô‡∏∞‡∏Ñ‡∏£‡∏±‡∏ä‡∏ä‡∏ä‡∏ä ‡∏Ç‡∏≠‡πÉ‡∏´‡πâ‡∏ï‡∏¥‡∏î‡∏Ñ‡∏ì‡∏∞‡πÅ‡∏•‡∏∞‡∏°‡∏´‡∏≤‡∏•‡∏±‡∏¢‡∏ó‡∏µ‡πà‡∏≠‡∏¢‡∏≤‡∏Å‡πÄ‡∏Ç‡πâ‡∏≤‡πÄ‡∏î‡πâ‡∏≠
<ATTRS> ‚ñÅ ‡∏™‡∏π‡πâ <CONT_START> ‡πÑ‡∏°‡πà‡∏°‡∏µ‡∏≠‡∏∞‡πÑ‡∏£‡πÑ‡∏î‡πâ‡∏°‡∏≤‡∏á‡πà‡∏≤‡∏¢‡πÜ ‡∏°‡∏´‡∏≤‡∏ß‡∏¥‡∏ó‡∏¢‡∏≤‡∏•‡∏±‡∏¢‡∏Å‡πá‡πÄ‡∏´‡∏°‡∏∑‡∏≠‡∏ô‡∏Å‡∏±‡∏ô  <START>,<ATTRS> ‚ñÅ ‡∏™‡∏π‡πâ <CONT_START> ‡πÑ‡∏°‡πà‡∏°‡∏µ‡∏≠‡∏∞‡πÑ‡∏£‡πÑ‡∏î‡πâ‡∏°‡∏≤‡∏á‡πà‡∏≤‡∏¢‡πÜ ‡∏°‡∏´‡∏≤‡∏ß‡∏¥‡∏ó‡∏¢‡∏≤‡∏•‡∏±‡∏¢‡∏Å‡πá‡πÄ‡∏´‡∏°‡∏∑‡∏≠‡∏ô‡∏Å‡∏±‡∏ô  <START> ‡πÑ‡∏°‡πà‡∏°‡∏µ‡∏≠‡∏∞‡πÑ‡∏£‡πÑ‡∏î‡πâ‡∏°‡∏≤‡∏á‡πà‡∏≤‡∏¢‡πÜ ‡∏°‡∏´‡∏≤‡∏ß‡∏¥‡∏ó‡∏¢‡∏≤‡∏•‡∏±‡∏¢‡∏Å‡πá‡πÄ‡∏´‡∏°‡∏∑‡∏≠‡∏ô‡∏Å‡∏±‡∏ô ‡∏™‡∏π‡πâ‡∏™‡∏π‡πâ
<ATTRS> ‡∏î‡∏µ‡πÉ‡∏à‡∏°‡∏≤‡∏Åüíïüòç <CONT_START> ‡πÑ‡∏î‡πâ‡πÄ‡∏õ‡πá‡∏ô‡∏•‡∏π‡∏Å‡∏ä‡πâ‡∏≤‡∏á‡πÅ‡∏•‡πâ‡∏ß‡πÇ‡∏ß‡πâ‡∏¢‡∏¢‡∏¢‡∏¢ ‡∏ï‡∏¥‡∏î‡πÅ‡∏•‡πâ‡∏ß   <START>,<ATTRS> ‡∏î‡∏µ‡πÉ‡∏à‡∏°‡∏≤‡∏Åüíïüòç <CONT_START> ‡πÑ‡∏î‡πâ‡πÄ‡∏õ‡πá‡∏ô‡∏•‡∏π‡∏Å‡∏ä‡πâ‡∏≤‡∏á‡πÅ‡∏•‡πâ‡∏ß‡πÇ‡∏ß‡πâ‡∏¢‡∏¢‡∏¢‡∏¢ ‡∏ï‡∏¥‡∏î‡πÅ‡∏•‡πâ‡∏ß   <START> ‡πÑ‡∏î‡πâ‡πÄ‡∏õ‡πá‡∏ô‡∏•‡∏π‡∏Å‡∏ä‡πâ‡∏≤‡∏á‡πÅ‡∏•‡πâ‡∏ß‡πÇ‡∏ß‡πâ‡∏¢‡∏¢‡∏¢‡∏¢ ‡∏ï‡∏¥‡∏î‡πÅ‡∏•‡πâ‡∏ß ‡∏î‡∏µ‡πÉ‡∏à‡∏°‡∏≤‡∏Å üíïüíïüíïüíïüíïüòçüòç
<ATTRS> ‡∏Å‡πá‡∏î‡∏µ‡πÉ‡∏à‡∏î‡∏µ‡πÉ‡∏à‡∏ó‡∏µ‡πà‡∏î‡∏µ‡πÉ‡∏à <CONT_START> ‡πÄ‡∏Å‡∏¥‡∏ô‡∏Å‡∏ß‡πà‡∏≤‡∏ó‡∏µ‡πà‡∏ï‡∏¥‡∏î ‡∏Å‡πá‡∏ó‡∏µ‡πà‡∏û‡πà‡∏≠‡πÄ‡∏£‡∏≤‡πÇ‡∏Ñ‡∏ï‡∏£ ‡∏£‡∏±‡∏Å‡∏û‡πà‡∏≠‡∏ô‡∏∞ <START>,<ATTRS> ‡∏Å‡πá‡∏î‡∏µ‡πÉ‡∏à‡∏î‡∏µ‡πÉ‡∏à‡∏ó‡∏µ‡πà‡∏î‡∏µ‡πÉ‡∏à <CONT_START> ‡πÄ‡∏Å‡∏¥‡∏ô‡∏Å‡∏ß‡πà‡∏≤‡∏ó‡∏µ‡πà‡∏ï‡∏¥‡∏î ‡∏Å‡πá‡∏ó‡∏µ‡πà‡∏û‡πà‡∏≠‡πÄ‡∏£‡∏≤‡πÇ‡∏Ñ‡∏ï‡∏£ ‡∏£‡∏±‡∏Å‡∏û‡πà‡∏≠‡∏ô‡∏∞ <START> ‡πÄ‡∏Å‡∏¥‡∏ô‡∏Å‡∏ß‡πà‡∏≤‡∏î‡∏µ‡πÉ‡∏à‡∏ó‡∏µ‡πà‡∏ï‡∏¥‡∏î ‡∏Å‡πá‡∏î‡∏µ‡πÉ‡∏à‡∏ó‡∏µ‡πà‡∏û‡πà‡∏≠‡πÄ‡∏£‡∏≤‡πÇ‡∏Ñ‡∏ï‡∏£‡∏î‡∏µ‡πÉ‡∏à ‡∏£‡∏±‡∏Å‡∏û‡πà‡∏≠‡∏ô‡∏∞
<ATTRS> ‡πÑ‡∏°‡πà‡∏ú‡∏¥‡∏î‡∏´‡∏ß‡∏±‡∏á‚ù§ <CONT_START> ‡∏°‡∏Ç. ‡∏£‡∏≠‡∏ö3/2‡∏£‡∏±‡∏ö‡πÄ‡∏£‡∏≤‡∏î‡πâ‡∏ß‡∏¢‡πÄ‡∏ñ‡∏≠‡∏∞‡∏ô‡∏∞ ‡πÄ‡∏£‡∏≤‡∏≠‡∏¢‡∏≤‡∏Å‡πÄ‡∏£‡∏µ‡∏¢‡∏ô‡∏à‡∏£‡∏¥‡∏á‡πÜ ‡∏ñ‡πâ‡∏≤‡∏£‡∏±‡∏ö‡πÄ‡∏£‡∏≤‡∏Ñ‡∏∏‡∏ì‡∏à‡∏∞ ‡πÄ‡∏£‡∏≤‡∏à‡∏∞‡πÑ‡∏°‡πà‡∏™‡∏•‡∏∞‡∏™‡∏¥‡∏ó‡∏ò‡∏¥‡πå‡πÅ‡∏ô‡πà‡∏ô‡∏≠‡∏ô <START>,<ATTRS> ‡πÑ‡∏°‡πà‡∏ú‡∏¥‡∏î‡∏´‡∏ß‡∏±‡∏á‚ù§ <CONT_START> ‡∏°‡∏Ç. ‡∏£‡∏≠‡∏ö3/2‡∏£‡∏±‡∏ö‡πÄ‡∏£‡∏≤‡∏î‡πâ‡∏ß‡∏¢‡πÄ‡∏ñ‡∏≠‡∏∞‡∏ô‡∏∞ ‡πÄ‡∏£‡∏≤‡∏≠‡∏¢‡∏≤‡∏Å‡πÄ‡∏£‡∏µ‡∏¢‡∏ô‡∏à‡∏£‡∏¥‡∏á‡πÜ ‡∏ñ‡πâ‡∏≤‡∏£‡∏±‡∏ö‡πÄ‡∏£‡∏≤‡∏Ñ‡∏∏‡∏ì‡∏à‡∏∞ ‡πÄ‡∏£‡∏≤‡∏à‡∏∞‡πÑ‡∏°‡πà‡∏™‡∏•‡∏∞‡∏™‡∏¥‡∏ó‡∏ò‡∏¥‡πå‡πÅ‡∏ô‡πà‡∏ô‡∏≠‡∏ô <START> ‡∏°‡∏Ç. ‡∏£‡∏≠‡∏ö3/2‡∏£‡∏±‡∏ö‡πÄ‡∏£‡∏≤‡∏î‡πâ‡∏ß‡∏¢‡πÄ‡∏ñ‡∏≠‡∏∞‡∏ô‡∏∞ ‡πÄ‡∏£‡∏≤‡∏≠‡∏¢‡∏≤‡∏Å‡πÄ‡∏£‡∏µ‡∏¢‡∏ô‡∏à‡∏£‡∏¥‡∏á‡πÜ ‡∏ñ‡πâ‡∏≤‡∏£‡∏±‡∏ö‡πÄ‡∏£‡∏≤‡∏Ñ‡∏∏‡∏ì‡∏à‡∏∞‡πÑ‡∏°‡πà‡∏ú‡∏¥‡∏î‡∏´‡∏ß‡∏±‡∏á ‡πÄ‡∏£‡∏≤‡∏à‡∏∞‡πÑ‡∏°‡πà‡∏™‡∏•‡∏∞‡∏™‡∏¥‡∏ó‡∏ò‡∏¥‡πå‡πÅ‡∏ô‡πà‡∏ô‡∏≠‡∏ô‚ù§‚ù§
<ATTRS> ‡∏ï‡∏¥‡∏î ‡πÅ‡∏•‡πâ‡∏ß ‡∏ß‡∏ß‡∏ß‡∏Ç‡∏≠‡∏ö‡∏Ñ‡∏∏‡∏ì‡∏°‡∏≤‡∏Å <CONT_START> ‡∏ß‡∏ß‡∏ß‡∏ß‡∏ß‡∏ß‡∏ô‡∏∞‡∏Ñ‡∏∞ <START>,<ATTRS> ‡∏ï‡∏¥‡∏î ‡πÅ‡∏•‡πâ‡∏ß ‡∏ß‡∏ß‡∏ß‡∏Ç‡∏≠‡∏ö‡∏Ñ‡∏∏‡∏ì‡∏°‡∏≤‡∏Å <CONT_START> ‡∏ß‡∏ß‡∏ß‡∏ß‡∏ß‡∏ß‡∏ô‡∏∞‡∏Ñ‡∏∞ <START> ‡∏ï‡∏¥‡∏î‡πÅ‡∏•‡πâ‡∏ß‡∏ß‡∏ß‡∏ß‡∏ß‡∏ß‡∏ß‡∏ß‡∏ß‡∏ß‡∏Ç‡∏≠‡∏ö‡∏Ñ‡∏∏‡∏ì‡∏°‡∏≤‡∏Å‡∏ô‡∏∞‡∏Ñ‡∏∞
<ATTRS> ‡∏ï‡∏¥‡∏î ‡πÅ‡∏•‡πâ‡∏ß ‡∏ß‡∏ß‡∏ß‚ñÅ‡∏î‡∏µ‡πÉ‡∏à <CONT_START> ‡∏ß‡∏ß‡∏ß ‡∏ó‡∏µ‡πà‡∏ï‡∏±‡∏ß‡πÄ‡∏≠‡∏á‡∏¢‡∏±‡∏á‡∏´‡∏ô‡πâ‡∏≤‡∏î‡πâ‡∏≤‡∏ô‡∏¢‡∏∑‡πà‡∏ô‡∏ï‡πà‡∏≠‡∏à‡∏ô‡∏ï‡∏¥‡∏î <START>,<ATTRS> ‡∏ï‡∏¥‡∏î ‡πÅ‡∏•‡πâ‡∏ß ‡∏ß‡∏ß‡∏ß‚ñÅ‡∏î‡∏µ‡πÉ‡∏à <CONT_START> ‡∏ß‡∏ß‡∏ß ‡∏ó‡∏µ‡πà‡∏ï‡∏±‡∏ß‡πÄ‡∏≠‡∏á‡∏¢‡∏±‡∏á‡∏´‡∏ô‡πâ‡∏≤‡∏î‡πâ‡∏≤‡∏ô‡∏¢‡∏∑‡πà‡∏ô‡∏ï‡πà‡∏≠‡∏à‡∏ô‡∏ï‡∏¥‡∏î <START> ‡∏ï‡∏¥‡∏î‡πÅ‡∏•‡πâ‡∏ß‡∏ß‡∏ß‡∏ß‡∏ß‡∏ß‡∏ß ‡∏î‡∏µ‡πÉ‡∏à‡∏ó‡∏µ‡πà‡∏ï‡∏±‡∏ß‡πÄ‡∏≠‡∏á‡∏¢‡∏±‡∏á‡∏´‡∏ô‡πâ‡∏≤‡∏î‡πâ‡∏≤‡∏ô‡∏¢‡∏∑‡πà‡∏ô‡∏ï‡πà‡∏≠‡∏à‡∏ô‡∏ï‡∏¥‡∏î
<ATTRS> ‚ñÅ‡∏î‡∏µ‡πÉ‡∏à <CONT_START> ‡∏ï‡∏¥‡∏î‡∏°‡∏®‡∏ß ‡πÅ‡∏•‡πâ‡∏ß‡∏ô‡∏∞ ‡∏Æ‡∏∑‡πà‡∏≠‡∏≠‡∏≠‡∏≠ ‡∏à‡∏à‡∏à‡∏à <START>,<ATTRS> ‚ñÅ‡∏î‡∏µ‡πÉ‡∏à <CONT_START> ‡∏ï‡∏¥‡∏î‡∏°‡∏®‡∏ß ‡πÅ‡∏•‡πâ‡∏ß‡∏ô‡∏∞ ‡∏Æ‡∏∑‡πà‡∏≠‡∏≠‡∏≠‡∏≠ ‡∏à‡∏à‡∏à‡∏à <START> ‡∏ï‡∏¥‡∏î‡∏°‡∏®‡∏ß ‡πÅ‡∏•‡πâ‡∏ß‡∏ô‡∏∞ ‡∏Æ‡∏∑‡πà‡∏≠‡∏≠‡∏≠‡∏≠ ‡∏î‡∏µ‡πÉ‡∏à‡∏à‡∏à‡∏à‡∏à
<ATTRS> ‡∏Å‡πç‡∏≤‡∏•‡∏±‡∏á‡πÉ‡∏à‡∏ä‡πà‡∏ß‡∏¢‡πÄ‡∏´‡∏•‡∏∑‡∏≠ ‚ñÅ ‡∏ô‡πâ‡πç‡∏≤‡∏ï‡∏≤‡πÑ‡∏´‡∏• ‡πÄ‡∏•‡∏¢‚ñÅ‡∏î‡∏µ‡πÉ‡∏à‡∏°‡∏≤‡∏Å‡∏Å‡∏Å‡∏†‡∏π‡∏°‡∏¥‡πÉ‡∏à‡πÉ‡∏ô ‡∏ï‡∏±‡∏ß‡πÄ‡∏≠‡∏á‚ù§‡∏™‡∏π‡πâ ‡∏°‡∏≤‡∏ô‡∏∞‚ñÅ‡∏Ç‡∏≠‡∏ö‡∏Ñ‡∏∏‡∏ì‡∏ó‡∏µ‡πà‡∏Ç‡∏≠‡∏ö‡∏Ñ‡∏∏‡∏ì‡∏ó‡∏∏‡∏Å <CONT_START> ‡∏Å‡∏Å‡∏Å‡∏Å ‡∏≠‡πà‡∏∞ Ô∏è  ‡∏Å‡∏≥‡∏•‡∏±‡∏á‡πÉ‡∏à‡∏ó‡∏∏‡∏Å‡∏Ñ‡∏ß‡∏≤‡∏°‡∏ä‡πà‡∏ß‡∏¢‡πÄ‡∏´‡∏•‡∏∑‡∏≠ ‡∏ô‡πâ‡∏≥‡∏ï‡∏≤‡πÑ‡∏´‡∏•‡πÄ‡∏•‡∏¢ <START>,<ATTRS> ‡∏Å‡πç‡∏≤‡∏•‡∏±‡∏á‡πÉ‡∏à‡∏ä‡πà‡∏ß‡∏¢‡πÄ‡∏´‡∏•‡∏∑‡∏≠ ‚ñÅ ‡∏ô‡πâ‡πç‡∏≤‡∏ï‡∏≤‡πÑ‡∏´‡∏• ‡πÄ‡∏•‡∏¢‚ñÅ‡∏î‡∏µ‡πÉ‡∏à‡∏°‡∏≤‡∏Å‡∏Å‡∏Å‡∏†‡∏π‡∏°‡∏¥‡πÉ‡∏à‡πÉ‡∏ô ‡∏ï‡∏±‡∏ß‡πÄ‡∏≠‡∏á‚ù§‡∏™‡∏π‡πâ ‡∏°‡∏≤‡∏ô‡∏∞‚ñÅ‡∏Ç‡∏≠‡∏ö‡∏Ñ‡∏∏‡∏ì‡∏ó‡∏µ‡πà‡∏Ç‡∏≠‡∏ö‡∏Ñ‡∏∏‡∏ì‡∏ó‡∏∏‡∏Å <CONT_START> ‡∏Å‡∏Å‡∏Å‡∏Å ‡∏≠‡πà‡∏∞ Ô∏è  ‡∏Å‡∏≥‡∏•‡∏±‡∏á‡πÉ‡∏à‡∏ó‡∏∏‡∏Å‡∏Ñ‡∏ß‡∏≤‡∏°‡∏ä‡πà‡∏ß‡∏¢‡πÄ‡∏´‡∏•‡∏∑‡∏≠ ‡∏ô‡πâ‡∏≥‡∏ï‡∏≤‡πÑ‡∏´‡∏•‡πÄ‡∏•‡∏¢ <START> ‡∏î‡∏µ‡πÉ‡∏à‡∏°‡∏≤‡∏Å‡∏Å‡∏Å‡∏Å‡∏Å‡∏Å‡∏Å ‡∏†‡∏π‡∏°‡∏¥‡πÉ‡∏à‡πÉ‡∏ô‡∏ï‡∏±‡∏ß‡πÄ‡∏≠‡∏á‡∏≠‡πà‡∏∞ ‚ù§Ô∏è ‡∏Ç‡∏≠‡∏ö‡∏Ñ‡∏∏‡∏ì‡∏ó‡∏µ‡πà‡∏™‡∏π‡πâ‡∏°‡∏≤‡∏ô‡∏∞ ‡∏Ç‡∏≠‡∏ö‡∏Ñ‡∏∏‡∏ì‡∏ó‡∏∏‡∏Å‡∏Å‡∏≥‡∏•‡∏±‡∏á‡πÉ‡∏à‡∏ó‡∏∏‡∏Å‡∏Ñ‡∏ß‡∏≤‡∏°‡∏ä‡πà‡∏ß‡∏¢‡πÄ‡∏´‡∏•‡∏∑‡∏≠ ‡∏ô‡πâ‡∏≥‡∏ï‡∏≤‡πÑ‡∏´‡∏•‡πÄ‡∏•‡∏¢
<ATTRS> ‡∏™‡∏π‡πâ‡∏Å‡∏±‡∏ô ‡∏°‡∏≤ ‚ñÅ‡∏£‡∏≠ ‡πÄ‡∏£‡∏≤‚ñÅ‡∏î‡∏µ‡πÉ‡∏à‚ñÅ‡∏£‡∏±‡∏Å ‡∏ó‡∏∏‡∏Å‡∏Ñ‡∏ô‡∏ó‡∏µ‡πà‡∏ä‡∏≠‡∏ö <CONT_START> ‡∏î‡πâ‡∏ß‡∏¢‡∏Å‡∏±‡∏ö‡∏Ñ‡∏ô‡∏ó‡∏µ‡πà‡∏ï‡∏¥‡∏î‡πÅ‡∏•‡πâ‡∏ß ‡∏°‡∏≤‡∏Å‡πÜ ‡∏û‡∏¢‡∏≤‡∏¢‡∏≤‡∏°‡∏Å‡∏±‡∏ô‡∏°‡∏≤‡∏°‡∏≤‡∏Å ‡∏ú‡πà‡∏≤‡∏ô‡∏≠‡∏∞‡πÑ‡∏£‡∏Å‡∏±‡∏ô‡∏°‡∏≤‡πÄ‡∏Ç‡πâ‡∏≤‡πÉ‡∏à‡∏Ñ‡∏ß‡∏≤‡∏°‡∏£‡∏π‡πâ‡∏™‡∏∂‡∏Å‡∏ó‡∏∏‡∏Å‡∏Ñ‡∏ô ‡∏£‡∏π‡πâ‡∏™‡∏∂‡∏Å‡∏ñ‡∏∂‡∏á‡∏Ñ‡∏ß‡∏≤‡∏°‡πÄ‡∏õ‡πá‡∏ô‡πÄ‡∏û‡∏∑‡πà‡∏≠‡∏ô‡∏ó‡∏µ‡πà‡∏ï‡πâ‡∏≠‡∏™‡∏π‡πâ‡∏Å‡∏±‡∏ô‡∏°‡∏≤ ‡∏£‡∏≠‡πÄ‡∏£‡∏≤‡∏´‡∏ô‡πà‡∏≠‡∏¢‡∏ô‡∏∞ ‡∏£‡∏≠‡∏ö4‡∏°‡∏±‡∏ô‡∏à‡∏∞‡πÄ‡∏õ‡πá‡∏ô‡∏Ç‡∏≠‡∏á‡πÄ‡∏£‡∏≤ ‡∏Ç‡∏≠‡πÉ‡∏´‡πâ #dek61 ‡∏ï‡∏¥‡∏î‡∏Ñ‡∏ì‡∏∞ ‡∏°‡∏´‡∏≤‡∏•‡∏±‡∏¢‡∏ó‡∏µ‡πà‡∏´‡∏ß‡∏±‡∏á‡πÑ‡∏ß‡πâ‡∏ô‡∏∞ #TCAS‡∏£‡∏≠‡∏ö4 üôèüèª .‡πÄ‡∏£‡∏≤‡∏à‡∏∞‡πÑ‡∏°‡πà‡πÇ‡∏î‡∏ô‡πÄ‡∏ó‡∏£‡∏≠‡∏ö4 <START>,<ATTRS> ‡∏™‡∏π‡πâ‡∏Å‡∏±‡∏ô ‡∏°‡∏≤ ‚ñÅ‡∏£‡∏≠ ‡πÄ‡∏£‡∏≤‚ñÅ‡∏î‡∏µ‡πÉ‡∏à‚ñÅ‡∏£‡∏±‡∏Å ‡∏ó‡∏∏‡∏Å‡∏Ñ‡∏ô‡∏ó‡∏µ‡πà‡∏ä‡∏≠‡∏ö <CONT_START> ‡∏î‡πâ‡∏ß‡∏¢‡∏Å‡∏±‡∏ö‡∏Ñ‡∏ô‡∏ó‡∏µ‡πà‡∏ï‡∏¥‡∏î‡πÅ‡∏•‡πâ‡∏ß ‡∏°‡∏≤‡∏Å‡πÜ ‡∏û‡∏¢‡∏≤‡∏¢‡∏≤‡∏°‡∏Å‡∏±‡∏ô‡∏°‡∏≤‡∏°‡∏≤‡∏Å ‡∏ú‡πà‡∏≤‡∏ô‡∏≠‡∏∞‡πÑ‡∏£‡∏Å‡∏±‡∏ô‡∏°‡∏≤‡πÄ‡∏Ç‡πâ‡∏≤‡πÉ‡∏à‡∏Ñ‡∏ß‡∏≤‡∏°‡∏£‡∏π‡πâ‡∏™‡∏∂‡∏Å‡∏ó‡∏∏‡∏Å‡∏Ñ‡∏ô ‡∏£‡∏π‡πâ‡∏™‡∏∂‡∏Å‡∏ñ‡∏∂‡∏á‡∏Ñ‡∏ß‡∏≤‡∏°‡πÄ‡∏õ‡πá‡∏ô‡πÄ‡∏û‡∏∑‡πà‡∏≠‡∏ô‡∏ó‡∏µ‡πà‡∏ï‡πâ‡∏≠‡∏™‡∏π‡πâ‡∏Å‡∏±‡∏ô‡∏°‡∏≤ ‡∏£‡∏≠‡πÄ‡∏£‡∏≤‡∏´‡∏ô‡πà‡∏≠‡∏¢‡∏ô‡∏∞ ‡∏£‡∏≠‡∏ö4‡∏°‡∏±‡∏ô‡∏à‡∏∞‡πÄ‡∏õ‡πá‡∏ô‡∏Ç‡∏≠‡∏á‡πÄ‡∏£‡∏≤ ‡∏Ç‡∏≠‡πÉ‡∏´‡πâ #dek61 ‡∏ï‡∏¥‡∏î‡∏Ñ‡∏ì‡∏∞ ‡∏°‡∏´‡∏≤‡∏•‡∏±‡∏¢‡∏ó‡∏µ‡πà‡∏´‡∏ß‡∏±‡∏á‡πÑ‡∏ß‡πâ‡∏ô‡∏∞ #TCAS‡∏£‡∏≠‡∏ö4 üôèüèª .‡πÄ‡∏£‡∏≤‡∏à‡∏∞‡πÑ‡∏°‡πà‡πÇ‡∏î‡∏ô‡πÄ‡∏ó‡∏£‡∏≠‡∏ö4 <START> ‡∏î‡∏µ‡πÉ‡∏à‡∏î‡πâ‡∏ß‡∏¢‡∏Å‡∏±‡∏ö‡∏Ñ‡∏ô‡∏ó‡∏µ‡πà‡∏ï‡∏¥‡∏î‡πÅ‡∏•‡πâ‡∏ß ‡∏£‡∏±‡∏Å‡∏ó‡∏∏‡∏Å‡∏Ñ‡∏ô‡∏°‡∏≤‡∏Å‡πÜ ‡∏û‡∏¢‡∏≤‡∏¢‡∏≤‡∏°‡∏Å‡∏±‡∏ô‡∏°‡∏≤‡∏°‡∏≤‡∏Å ‡∏ú‡πà‡∏≤‡∏ô‡∏≠‡∏∞‡πÑ‡∏£‡∏Å‡∏±‡∏ô‡∏°‡∏≤‡πÄ‡∏Ç‡πâ‡∏≤‡πÉ‡∏à‡∏Ñ‡∏ß‡∏≤‡∏°‡∏£‡∏π‡πâ‡∏™‡∏∂‡∏Å‡∏ó‡∏∏‡∏Å‡∏Ñ‡∏ô ‡∏£‡∏π‡πâ‡∏™‡∏∂‡∏Å‡∏ñ‡∏∂‡∏á‡∏Ñ‡∏ß‡∏≤‡∏°‡πÄ‡∏õ‡πá‡∏ô‡πÄ‡∏û‡∏∑‡πà‡∏≠‡∏ô‡∏ó‡∏µ‡πà‡∏ï‡πâ‡∏≠‡∏™‡∏π‡πâ‡∏Å‡∏±‡∏ô‡∏°‡∏≤ ‡∏£‡∏≠‡πÄ‡∏£‡∏≤‡∏´‡∏ô‡πà‡∏≠‡∏¢‡∏ô‡∏∞ ‡∏£‡∏≠‡∏ö4‡∏°‡∏±‡∏ô‡∏à‡∏∞‡πÄ‡∏õ‡πá‡∏ô‡∏Ç‡∏≠‡∏á‡πÄ‡∏£‡∏≤ ‡∏Ç‡∏≠‡πÉ‡∏´‡πâ #dek61 ‡∏ï‡∏¥‡∏î‡∏Ñ‡∏ì‡∏∞‡∏ó‡∏µ‡πà‡∏ä‡∏≠‡∏ö ‡∏°‡∏´‡∏≤‡∏•‡∏±‡∏¢‡∏ó‡∏µ‡πà‡∏´‡∏ß‡∏±‡∏á‡πÑ‡∏ß‡πâ‡∏ô‡∏∞ #TCAS‡∏£‡∏≠‡∏ö4 üôèüèª .‡πÄ‡∏£‡∏≤‡∏à‡∏∞‡πÑ‡∏°‡πà‡πÇ‡∏î‡∏ô‡πÄ‡∏ó‡∏£‡∏≠‡∏ö4
<ATTRS> ‚ñÅ‡∏î‡∏µ‡πÉ‡∏à‡∏°‡∏≤‡∏Å‡∏Å‡∏Å <CONT_START> ‡∏à ‡∏Æ‡∏£‡∏∑‡∏≠‡∏≠ ‡πÑ‡∏î‡πâ‡πÉ‡∏ä‡πâ‡πÅ‡∏ó‡πá‡∏Å‡∏ô‡∏µ‡πâ‡∏™‡∏±‡∏Å‡∏ó‡∏µ üò≠üò≠üò≠ <START>,<ATTRS> ‚ñÅ‡∏î‡∏µ‡πÉ‡∏à‡∏°‡∏≤‡∏Å‡∏Å‡∏Å <CONT_START> ‡∏à ‡∏Æ‡∏£‡∏∑‡∏≠‡∏≠ ‡πÑ‡∏î‡πâ‡πÉ‡∏ä‡πâ‡πÅ‡∏ó‡πá‡∏Å‡∏ô‡∏µ‡πâ‡∏™‡∏±‡∏Å‡∏ó‡∏µ üò≠üò≠üò≠ <START> ‡∏î‡∏µ‡πÉ‡∏à‡∏à‡∏°‡∏≤‡∏Å‡∏Å‡∏Å ‡∏Æ‡∏£‡∏∑‡∏≠‡∏≠ ‡πÑ‡∏î‡πâ‡πÉ‡∏ä‡πâ‡πÅ‡∏ó‡πá‡∏Å‡∏ô‡∏µ‡πâ‡∏™‡∏±‡∏Å‡∏ó‡∏µ üò≠üò≠üò≠
<ATTRS> ‚ñÅ‡∏î‡∏µ‡πÉ‡∏à <CONT_START> ‡∏Å‡∏±‡∏ö‡∏ô‡πâ‡∏≠‡∏á‡πÜ‡∏ó‡∏∏‡∏Å‡∏Ñ‡∏ô‡∏ó‡∏µ‡πà‡∏ï‡∏¥‡∏î‡∏ß‡∏¥‡∏®‡∏ß‡∏∞ ‡∏à‡∏∏‡∏¨‡∏≤‡∏Ø ‡∏î‡πâ‡∏ß‡∏¢‡∏Ñ‡πà‡∏∞ <START>,<ATTRS> ‚ñÅ‡∏î‡∏µ‡πÉ‡∏à <CONT_START> ‡∏Å‡∏±‡∏ö‡∏ô‡πâ‡∏≠‡∏á‡πÜ‡∏ó‡∏∏‡∏Å‡∏Ñ‡∏ô‡∏ó‡∏µ‡πà‡∏ï‡∏¥‡∏î‡∏ß‡∏¥‡∏®‡∏ß‡∏∞ ‡∏à‡∏∏‡∏¨‡∏≤‡∏Ø ‡∏î‡πâ‡∏ß‡∏¢‡∏Ñ‡πà‡∏∞ <START> ‡∏î‡∏µ‡πÉ‡∏à‡∏Å‡∏±‡∏ö‡∏ô‡πâ‡∏≠‡∏á‡πÜ‡∏ó‡∏∏‡∏Å‡∏Ñ‡∏ô‡∏ó‡∏µ‡πà‡∏ï‡∏¥‡∏î‡∏ß‡∏¥‡∏®‡∏ß‡∏∞ ‡∏à‡∏∏‡∏¨‡∏≤‡∏Ø ‡∏î‡πâ‡∏ß‡∏¢‡∏Ñ‡πà‡∏∞
<ATTRS> ‚ñÅ‡∏î‡∏µ‡πÉ‡∏à <CONT_START> ‡∏Å‡∏±‡∏ö‡∏Ñ‡∏ô‡∏ó‡∏µ‡πà‡∏ï‡∏¥‡∏î‡∏£‡∏≠‡∏ö 3/2‡∏î‡πâ‡∏ß‡∏¢‡∏ô‡∏∞‡∏Ñ‡∏∞ ‡πÉ‡∏Ñ‡∏£‡∏ó‡∏µ‡πà‡∏£‡∏≠‡πÅ‡∏≠‡∏î ‡∏´‡∏£‡∏∑‡∏≠‡∏ï‡∏¥‡∏î‡πÅ‡∏ï‡πà‡πÑ‡∏°‡πà‡∏ñ‡∏π‡∏Å‡πÉ‡∏à ‡∏≠‡∏î‡πÉ‡∏à‡∏£‡∏≠‡∏Å‡∏±‡∏ô‡∏≠‡∏µ‡∏Å‡∏ô‡∏¥‡∏î‡∏ô‡∏∞‡∏Ñ‡∏∞ <START>,<ATTRS> ‚ñÅ‡∏î‡∏µ‡πÉ‡∏à <CONT_START> ‡∏Å‡∏±‡∏ö‡∏Ñ‡∏ô‡∏ó‡∏µ‡πà‡∏ï‡∏¥‡∏î‡∏£‡∏≠‡∏ö 3/2‡∏î‡πâ‡∏ß‡∏¢‡∏ô‡∏∞‡∏Ñ‡∏∞ ‡πÉ‡∏Ñ‡∏£‡∏ó‡∏µ‡πà‡∏£‡∏≠‡πÅ‡∏≠‡∏î ‡∏´‡∏£‡∏∑‡∏≠‡∏ï‡∏¥‡∏î‡πÅ‡∏ï‡πà‡πÑ‡∏°‡πà‡∏ñ‡∏π‡∏Å‡πÉ‡∏à ‡∏≠‡∏î‡πÉ‡∏à‡∏£‡∏≠‡∏Å‡∏±‡∏ô‡∏≠‡∏µ‡∏Å‡∏ô‡∏¥‡∏î‡∏ô‡∏∞‡∏Ñ‡∏∞ <START> ‡∏î‡∏µ‡πÉ‡∏à‡∏Å‡∏±‡∏ö‡∏Ñ‡∏ô‡∏ó‡∏µ‡πà‡∏ï‡∏¥‡∏î‡∏£‡∏≠‡∏ö 3/2‡∏î‡πâ‡∏ß‡∏¢‡∏ô‡∏∞‡∏Ñ‡∏∞ ‡πÉ‡∏Ñ‡∏£‡∏ó‡∏µ‡πà‡∏£‡∏≠‡πÅ‡∏≠‡∏î ‡∏´‡∏£‡∏∑‡∏≠‡∏ï‡∏¥‡∏î‡πÅ‡∏ï‡πà‡πÑ‡∏°‡πà‡∏ñ‡∏π‡∏Å‡πÉ‡∏à ‡∏≠‡∏î‡πÉ‡∏à‡∏£‡∏≠‡∏Å‡∏±‡∏ô‡∏≠‡∏µ‡∏Å‡∏ô‡∏¥‡∏î‡∏ô‡∏∞‡∏Ñ‡∏∞
<ATTRS> ‡∏Å‡πç‡∏≤‡∏•‡∏±‡∏á‡πÉ‡∏à‡∏ó‡πâ‡∏≠ ‡∏ö‡πâ‡∏≤‡∏á ‚ñÅ‡πÅ‡∏ï‡πà ‡∏™‡∏±‡∏Å‡∏ß‡∏±‡∏ô‚ñÅ‡∏î‡∏µ‡πÉ‡∏à‡∏™‡∏π‡πâ‡πÜ‡∏ô‡∏∞ <CONT_START> ‡∏à‡∏≤‡∏Å‡πÄ‡∏û‡∏à‡∏≠.‡∏Ç‡∏•‡∏∏‡πà‡∏¢ ‡∏ó‡∏µ‡πà‡πÄ‡∏´‡πá‡∏ô‡πÄ‡∏û‡∏•‡∏á‡∏ô‡∏µ‡πâ‡πÉ‡∏´‡πâ‡∏Å‡∏≥‡∏•‡∏±‡∏á‡πÉ‡∏à‡∏Ñ‡∏ô‡πÑ‡∏î‡πâ‡∏à‡∏£‡∏¥‡∏á‡πÜ ‡∏ô‡πâ‡∏≠‡∏á ‡∏°‡∏±‡∏ô‡∏≠‡∏≤‡∏à‡∏à‡∏∞‡πÄ‡∏´‡∏ô‡∏∑‡πà‡∏≠‡∏¢‡∏à‡∏ô‡∏ó‡πâ‡∏≠‡∏ö‡πâ‡∏≤‡∏á ‡πÅ‡∏ï‡πà‡∏™‡∏±‡∏Å‡∏ß‡∏±‡∏ô‡∏°‡∏±‡∏ô‡∏à‡∏∞‡πÄ‡∏õ‡πá‡∏ô‡∏ß‡∏±‡∏ô‡∏Ç‡∏≠‡∏á‡πÄ‡∏£‡∏≤ ‡∏û‡∏µ‡πà‡πÄ‡∏õ‡πá‡∏ô‡∏Å‡∏≥‡∏•‡∏±‡∏á‡πÉ‡∏à‡πÉ‡∏´‡πâ /‡∏Å‡∏≠‡∏î‡πÜ <START>,<ATTRS> ‡∏Å‡πç‡∏≤‡∏•‡∏±‡∏á‡πÉ‡∏à‡∏ó‡πâ‡∏≠ ‡∏ö‡πâ‡∏≤‡∏á ‚ñÅ‡πÅ‡∏ï‡πà ‡∏™‡∏±‡∏Å‡∏ß‡∏±‡∏ô‚ñÅ‡∏î‡∏µ‡πÉ‡∏à‡∏™‡∏π‡πâ‡πÜ‡∏ô‡∏∞ <CONT_START> ‡∏à‡∏≤‡∏Å‡πÄ‡∏û‡∏à‡∏≠.‡∏Ç‡∏•‡∏∏‡πà‡∏¢ ‡∏ó‡∏µ‡πà‡πÄ‡∏´‡πá‡∏ô‡πÄ‡∏û‡∏•‡∏á‡∏ô‡∏µ‡πâ‡πÉ‡∏´‡πâ‡∏Å‡∏≥‡∏•‡∏±‡∏á‡πÉ‡∏à‡∏Ñ‡∏ô‡πÑ‡∏î‡πâ‡∏à‡∏£‡∏¥‡∏á‡πÜ ‡∏ô‡πâ‡∏≠‡∏á ‡∏°‡∏±‡∏ô‡∏≠‡∏≤‡∏à‡∏à‡∏∞‡πÄ‡∏´‡∏ô‡∏∑‡πà‡∏≠‡∏¢‡∏à‡∏ô‡∏ó‡πâ‡∏≠‡∏ö‡πâ‡∏≤‡∏á ‡πÅ‡∏ï‡πà‡∏™‡∏±‡∏Å‡∏ß‡∏±‡∏ô‡∏°‡∏±‡∏ô‡∏à‡∏∞‡πÄ‡∏õ‡πá‡∏ô‡∏ß‡∏±‡∏ô‡∏Ç‡∏≠‡∏á‡πÄ‡∏£‡∏≤ ‡∏û‡∏µ‡πà‡πÄ‡∏õ‡πá‡∏ô‡∏Å‡∏≥‡∏•‡∏±‡∏á‡πÉ‡∏à‡πÉ‡∏´‡πâ /‡∏Å‡∏≠‡∏î‡πÜ <START> ‡∏à‡∏≤‡∏Å‡πÄ‡∏û‡∏à‡∏≠.‡∏Ç‡∏•‡∏∏‡πà‡∏¢ ‡∏î‡∏µ‡πÉ‡∏à‡∏ó‡∏µ‡πà‡πÄ‡∏´‡πá‡∏ô‡πÄ‡∏û‡∏•‡∏á‡∏ô‡∏µ‡πâ‡πÉ‡∏´‡πâ‡∏Å‡∏≥‡∏•‡∏±‡∏á‡πÉ‡∏à‡∏Ñ‡∏ô‡πÑ‡∏î‡πâ‡∏à‡∏£‡∏¥‡∏á‡πÜ ‡∏™‡∏π‡πâ‡πÜ‡∏ô‡∏∞‡∏ô‡πâ‡∏≠‡∏á ‡∏°‡∏±‡∏ô‡∏≠‡∏≤‡∏à‡∏à‡∏∞‡πÄ‡∏´‡∏ô‡∏∑‡πà‡∏≠‡∏¢‡∏à‡∏ô‡∏ó‡πâ‡∏≠‡∏ö‡πâ‡∏≤‡∏á ‡πÅ‡∏ï‡πà‡∏™‡∏±‡∏Å‡∏ß‡∏±‡∏ô‡∏°‡∏±‡∏ô‡∏à‡∏∞‡πÄ‡∏õ‡πá‡∏ô‡∏ß‡∏±‡∏ô‡∏Ç‡∏≠‡∏á‡πÄ‡∏£‡∏≤ ‡∏û‡∏µ‡πà‡πÄ‡∏õ‡πá‡∏ô‡∏Å‡∏≥‡∏•‡∏±‡∏á‡πÉ‡∏à‡πÉ‡∏´‡πâ /‡∏Å‡∏≠‡∏î‡πÜ
<ATTRS> ‡∏î‡∏µ‡πÉ‡∏à‡πÅ‡∏Æ‡∏õ‡∏õ‡∏µ‡πâ‡∏¢‡∏¥‡πâ‡∏° ‡πÅ‡∏Å‡πâ‡∏° ‡πÅ‡∏ï‡∏Å ‡∏Å‡∏±‡∏ô‡∏ó‡∏±‡πâ‡∏á‡πÑ‡∏õ ‡πÄ‡∏•‡∏¢‡∏à‡πâ‡∏≤ <CONT_START> ‡∏Ñ‡∏∑‡∏≠‡∏´‡∏ô‡∏±‡∏Å‡∏°‡∏≤‡∏Å ‡πÅ‡∏ö‡∏ö‡πÑ‡∏°‡πà‡∏ï‡∏¥‡∏î‡∏Å‡πá‡πÑ‡∏°‡πà‡∏£‡∏π‡πâ‡∏à‡∏∞‡∏ï‡πà‡∏≠‡πÑ‡∏´‡∏ô‡πÅ‡∏•‡πâ‡∏ß‡∏≠‡∏∞ ‡πÄ‡∏Ñ‡∏£‡∏µ‡∏¢‡∏î‡∏Å‡∏±‡∏ô‡∏ó‡∏±‡πâ‡∏á‡∏ö‡πâ‡∏≤‡∏ô ‡∏û‡∏≠‡∏™‡∏≠‡∏ö‡∏ï‡∏¥‡∏î‡πÄ‡∏ó‡πà‡∏≤‡∏ô‡∏±‡πâ‡∏ô‡πÅ‡∏´‡∏•‡πà‡∏∞ ‡∏Ñ‡∏£‡∏≠‡∏ö‡∏Ñ‡∏£‡∏±‡∏ß <START>,<ATTRS> ‡∏î‡∏µ‡πÉ‡∏à‡πÅ‡∏Æ‡∏õ‡∏õ‡∏µ‡πâ‡∏¢‡∏¥‡πâ‡∏° ‡πÅ‡∏Å‡πâ‡∏° ‡πÅ‡∏ï‡∏Å ‡∏Å‡∏±‡∏ô‡∏ó‡∏±‡πâ‡∏á‡πÑ‡∏õ ‡πÄ‡∏•‡∏¢‡∏à‡πâ‡∏≤ <CONT_START> ‡∏Ñ‡∏∑‡∏≠‡∏´‡∏ô‡∏±‡∏Å‡∏°‡∏≤‡∏Å ‡πÅ‡∏ö‡∏ö‡πÑ‡∏°‡πà‡∏ï‡∏¥‡∏î‡∏Å‡πá‡πÑ‡∏°‡πà‡∏£‡∏π‡πâ‡∏à‡∏∞‡∏ï‡πà‡∏≠‡πÑ‡∏´‡∏ô‡πÅ‡∏•‡πâ‡∏ß‡∏≠‡∏∞ ‡πÄ‡∏Ñ‡∏£‡∏µ‡∏¢‡∏î‡∏Å‡∏±‡∏ô‡∏ó‡∏±‡πâ‡∏á‡∏ö‡πâ‡∏≤‡∏ô ‡∏û‡∏≠‡∏™‡∏≠‡∏ö‡∏ï‡∏¥‡∏î‡πÄ‡∏ó‡πà‡∏≤‡∏ô‡∏±‡πâ‡∏ô‡πÅ‡∏´‡∏•‡πà‡∏∞ ‡∏Ñ‡∏£‡∏≠‡∏ö‡∏Ñ‡∏£‡∏±‡∏ß <START> ‡∏Ñ‡∏∑‡∏≠‡∏î‡∏µ‡πÉ‡∏à‡∏´‡∏ô‡∏±‡∏Å‡∏°‡∏≤‡∏Å ‡πÅ‡∏ö‡∏ö‡πÑ‡∏°‡πà‡∏ï‡∏¥‡∏î‡∏Å‡πá‡πÑ‡∏°‡πà‡∏£‡∏π‡πâ‡∏à‡∏∞‡∏ï‡πà‡∏≠‡πÑ‡∏´‡∏ô‡πÅ‡∏•‡πâ‡∏ß‡∏≠‡∏∞ ‡πÄ‡∏Ñ‡∏£‡∏µ‡∏¢‡∏î‡∏Å‡∏±‡∏ô‡∏ó‡∏±‡πâ‡∏á‡∏ö‡πâ‡∏≤‡∏ô ‡∏û‡∏≠‡∏™‡∏≠‡∏ö‡∏ï‡∏¥‡∏î‡πÄ‡∏ó‡πà‡∏≤‡∏ô‡∏±‡πâ‡∏ô‡πÅ‡∏´‡∏•‡πà‡∏∞ ‡πÅ‡∏Æ‡∏õ‡∏õ‡∏µ‡πâ‡∏¢‡∏¥‡πâ‡∏°‡πÅ‡∏Å‡πâ‡∏°‡πÅ‡∏ï‡∏Å‡∏Å‡∏±‡∏ô‡∏ó‡∏±‡πâ‡∏á‡∏Ñ‡∏£‡∏≠‡∏ö‡∏Ñ‡∏£‡∏±‡∏ß‡πÑ‡∏õ‡πÄ‡∏•‡∏¢‡∏à‡πâ‡∏≤
<ATTRS> ‚ñÅ‡∏î‡∏µ‡πÉ‡∏à‡∏™‡∏ô‡∏±‡∏ö‡∏™‡∏ô‡∏∏‡∏ô ‡∏Ñ‡∏∏‡∏ì‡∏î‡∏µ‡∏ó‡∏µ‡πà‡∏™‡∏∏‡∏î <CONT_START> ‡∏Ñ‡∏ô‡∏ó‡∏µ‡πà‡πÑ‡∏î‡πâ‡πÄ‡∏£‡∏µ‡∏¢‡∏ô‡∏Ñ‡∏ì‡∏∞‡∏ó‡∏µ‡πà‡∏™‡∏°‡∏´‡∏ß‡∏±‡∏á‡πÅ‡∏•‡πâ‡∏ß ‡∏û‡πà‡∏≠‡πÅ‡∏°‡πà‡πÄ‡∏´‡πá‡∏ô‡∏î‡πâ‡∏ß‡∏¢ ‡∏û‡πà‡∏≠‡πÅ‡∏°‡πà‡∏™‡∏ô‡∏±‡∏ö‡∏™‡∏ô‡∏∏‡∏ô ‡∏î‡πâ‡∏ß‡∏¢‡∏ô‡∏∞ ‡∏ï‡∏±‡πâ‡∏á‡πÉ‡∏à‡πÄ‡∏£‡∏µ‡∏¢‡∏ô‡∏ô‡∏∞ ‡∏Ñ‡∏∏‡∏ì‡πÇ‡∏ä‡∏Ñ‡∏î‡∏µ‡∏°‡∏≤‡∏Å‡πÅ‡∏•‡πâ‡∏ß‡∏ó‡∏µ‡πà‡∏û‡πà‡∏≠‡πÅ‡∏°‡πà‡πÄ‡∏Ñ‡πâ‡∏≤‡πÄ‡∏Ç‡πâ‡∏≤‡πÉ‡∏à‡∏Ñ‡∏∏‡∏ì ‡∏ó‡∏µ‡πà‡∏û‡πà‡∏≠‡πÅ‡∏°‡πà ‡∏°‡∏±‡∏ô‡πÅ‡∏•‡πâ‡∏ß‡∏•‡πà‡∏∞ <START>,<ATTRS> ‚ñÅ‡∏î‡∏µ‡πÉ‡∏à‡∏™‡∏ô‡∏±‡∏ö‡∏™‡∏ô‡∏∏‡∏ô ‡∏Ñ‡∏∏‡∏ì‡∏î‡∏µ‡∏ó‡∏µ‡πà‡∏™‡∏∏‡∏î <CONT_START> ‡∏Ñ‡∏ô‡∏ó‡∏µ‡πà‡πÑ‡∏î‡πâ‡πÄ‡∏£‡∏µ‡∏¢‡∏ô‡∏Ñ‡∏ì‡∏∞‡∏ó‡∏µ‡πà‡∏™‡∏°‡∏´‡∏ß‡∏±‡∏á‡πÅ‡∏•‡πâ‡∏ß ‡∏û‡πà‡∏≠‡πÅ‡∏°‡πà‡πÄ‡∏´‡πá‡∏ô‡∏î‡πâ‡∏ß‡∏¢ ‡∏û‡πà‡∏≠‡πÅ‡∏°‡πà‡∏™‡∏ô‡∏±‡∏ö‡∏™‡∏ô‡∏∏‡∏ô ‡∏î‡πâ‡∏ß‡∏¢‡∏ô‡∏∞ ‡∏ï‡∏±‡πâ‡∏á‡πÉ‡∏à‡πÄ‡∏£‡∏µ‡∏¢‡∏ô‡∏ô‡∏∞ ‡∏Ñ‡∏∏‡∏ì‡πÇ‡∏ä‡∏Ñ‡∏î‡∏µ‡∏°‡∏≤‡∏Å‡πÅ‡∏•‡πâ‡∏ß‡∏ó‡∏µ‡πà‡∏û‡πà‡∏≠‡πÅ‡∏°‡πà‡πÄ‡∏Ñ‡πâ‡∏≤‡πÄ‡∏Ç‡πâ‡∏≤‡πÉ‡∏à‡∏Ñ‡∏∏‡∏ì ‡∏ó‡∏µ‡πà‡∏û‡πà‡∏≠‡πÅ‡∏°‡πà ‡∏°‡∏±‡∏ô‡πÅ‡∏•‡πâ‡∏ß‡∏•‡πà‡∏∞ <START> ‡∏Ñ‡∏ô‡∏ó‡∏µ‡πà‡πÑ‡∏î‡πâ‡πÄ‡∏£‡∏µ‡∏¢‡∏ô‡∏Ñ‡∏ì‡∏∞‡∏ó‡∏µ‡πà‡∏™‡∏°‡∏´‡∏ß‡∏±‡∏á‡πÅ‡∏•‡πâ‡∏ß ‡∏û‡πà‡∏≠‡πÅ‡∏°‡πà‡πÄ‡∏´‡πá‡∏ô‡∏î‡πâ‡∏ß‡∏¢ ‡∏û‡πà‡∏≠‡πÅ‡∏°‡πà‡∏™‡∏ô‡∏±‡∏ö‡∏™‡∏ô‡∏∏‡∏ô ‡∏î‡∏µ‡πÉ‡∏à‡∏î‡πâ‡∏ß‡∏¢‡∏ô‡∏∞ ‡∏ï‡∏±‡πâ‡∏á‡πÉ‡∏à‡πÄ‡∏£‡∏µ‡∏¢‡∏ô‡∏ô‡∏∞ ‡∏Ñ‡∏∏‡∏ì‡πÇ‡∏ä‡∏Ñ‡∏î‡∏µ‡∏°‡∏≤‡∏Å‡πÅ‡∏•‡πâ‡∏ß‡∏ó‡∏µ‡πà‡∏û‡πà‡∏≠‡πÅ‡∏°‡πà‡πÄ‡∏Ñ‡πâ‡∏≤‡πÄ‡∏Ç‡πâ‡∏≤‡πÉ‡∏à‡∏Ñ‡∏∏‡∏ì ‡∏ó‡∏µ‡πà‡∏û‡πà‡∏≠‡πÅ‡∏°‡πà‡∏™‡∏ô‡∏±‡∏ö‡∏™‡∏ô‡∏∏‡∏ô‡∏Ñ‡∏∏‡∏ì ‡∏°‡∏±‡∏ô‡∏î‡∏µ‡∏ó‡∏µ‡πà‡∏™‡∏∏‡∏î‡πÅ‡∏•‡πâ‡∏ß‡∏•‡πà‡∏∞
<ATTRS> ‚ñÅ‡∏Ç‡∏≠‡∏ö‡∏Ñ‡∏∏‡∏ì <CONT_START> ‡∏°‡∏Ç.‡∏ó‡∏µ‡πà‡πÑ‡∏°‡πà‡πÄ‡∏ó‡πÄ‡∏£‡∏≤ ‡∏°‡∏µ‡∏ó‡∏µ‡πà‡πÄ‡∏£‡∏µ‡∏¢‡∏ô‡πÅ‡∏•‡πâ‡∏ß‡πÇ‡∏ß‡πâ‡∏¢‡∏¢‡∏¢‡∏¢‡∏¢‡∏¢‡∏¢ <START>,<ATTRS> ‚ñÅ‡∏Ç‡∏≠‡∏ö‡∏Ñ‡∏∏‡∏ì <CONT_START> ‡∏°‡∏Ç.‡∏ó‡∏µ‡πà‡πÑ‡∏°‡πà‡πÄ‡∏ó‡πÄ‡∏£‡∏≤ ‡∏°‡∏µ‡∏ó‡∏µ‡πà‡πÄ‡∏£‡∏µ‡∏¢‡∏ô‡πÅ‡∏•‡πâ‡∏ß‡πÇ‡∏ß‡πâ‡∏¢‡∏¢‡∏¢‡∏¢‡∏¢‡∏¢‡∏¢ <START> ‡∏Ç‡∏≠‡∏ö‡∏Ñ‡∏∏‡∏ì‡∏°‡∏Ç.‡∏ó‡∏µ‡πà‡πÑ‡∏°‡πà‡πÄ‡∏ó‡πÄ‡∏£‡∏≤ ‡∏°‡∏µ‡∏ó‡∏µ‡πà‡πÄ‡∏£‡∏µ‡∏¢‡∏ô‡πÅ‡∏•‡πâ‡∏ß‡πÇ‡∏ß‡πâ‡∏¢‡∏¢‡∏¢‡∏¢‡∏¢‡∏¢‡∏¢
<ATTRS> ‚ñÅ‡∏Ç‡∏≠‡∏ö‡∏Ñ‡∏∏‡∏ì‡∏î‡∏µ‡πÉ‡∏à‡∏°‡∏≤‡∏Å‚ù§ <CONT_START> ‡∏ó‡∏∏‡∏Å‡∏ù‡πà‡∏≤‡∏¢‡∏à‡∏£‡∏¥‡∏á‡πÜ‡∏ó‡∏±‡πâ‡∏á‡∏ó‡∏õ‡∏≠. ‡∏ó‡∏±‡πâ‡∏á‡πÄ‡∏î‡πá‡∏Å61‡∏ú‡∏π‡πâ‡∏õ‡∏Å‡∏Ñ‡∏£‡∏≠‡∏á‡πÄ‡∏î‡πá‡∏Å‡∏ó‡∏∏‡∏Å‡∏ù‡πà‡∏≤‡∏¢‡∏ó‡∏µ‡πà‡∏¢‡∏∑‡πà‡∏ô‡πÄ‡∏£‡∏∑‡πà‡∏≠‡∏á‡πÉ‡∏´‡πâ‡∏°‡∏µ‡∏£‡∏≠‡∏ö3.2 ‡∏ñ‡πâ‡∏≤‡πÑ‡∏°‡πà‡∏°‡∏µ‡∏£‡∏≠‡∏ö‡∏ô‡∏µ‡πâ‡πÄ‡∏£‡∏≤‡∏Ñ‡∏á‡πÑ‡∏°‡πà‡∏ï‡∏¥‡∏î‡πÅ‡∏á‡πâ  Ô∏è <START>,<ATTRS> ‚ñÅ‡∏Ç‡∏≠‡∏ö‡∏Ñ‡∏∏‡∏ì‡∏î‡∏µ‡πÉ‡∏à‡∏°‡∏≤‡∏Å‚ù§ <CONT_START> ‡∏ó‡∏∏‡∏Å‡∏ù‡πà‡∏≤‡∏¢‡∏à‡∏£‡∏¥‡∏á‡πÜ‡∏ó‡∏±‡πâ‡∏á‡∏ó‡∏õ‡∏≠. ‡∏ó‡∏±‡πâ‡∏á‡πÄ‡∏î‡πá‡∏Å61‡∏ú‡∏π‡πâ‡∏õ‡∏Å‡∏Ñ‡∏£‡∏≠‡∏á‡πÄ‡∏î‡πá‡∏Å‡∏ó‡∏∏‡∏Å‡∏ù‡πà‡∏≤‡∏¢‡∏ó‡∏µ‡πà‡∏¢‡∏∑‡πà‡∏ô‡πÄ‡∏£‡∏∑‡πà‡∏≠‡∏á‡πÉ‡∏´‡πâ‡∏°‡∏µ‡∏£‡∏≠‡∏ö3.2 ‡∏ñ‡πâ‡∏≤‡πÑ‡∏°‡πà‡∏°‡∏µ‡∏£‡∏≠‡∏ö‡∏ô‡∏µ‡πâ‡πÄ‡∏£‡∏≤‡∏Ñ‡∏á‡πÑ‡∏°‡πà‡∏ï‡∏¥‡∏î‡πÅ‡∏á‡πâ  Ô∏è <START> ‡∏Ç‡∏≠‡∏ö‡∏Ñ‡∏∏‡∏ì‡∏ó‡∏∏‡∏Å‡∏ù‡πà‡∏≤‡∏¢‡∏à‡∏£‡∏¥‡∏á‡πÜ‡∏ó‡∏±‡πâ‡∏á‡∏ó‡∏õ‡∏≠. ‡∏ó‡∏±‡πâ‡∏á‡πÄ‡∏î‡πá‡∏Å61‡∏ú‡∏π‡πâ‡∏õ‡∏Å‡∏Ñ‡∏£‡∏≠‡∏á‡πÄ‡∏î‡πá‡∏Å‡∏ó‡∏∏‡∏Å‡∏ù‡πà‡∏≤‡∏¢‡∏ó‡∏µ‡πà‡∏¢‡∏∑‡πà‡∏ô‡πÄ‡∏£‡∏∑‡πà‡∏≠‡∏á‡πÉ‡∏´‡πâ‡∏°‡∏µ‡∏£‡∏≠‡∏ö3.2 ‡∏ñ‡πâ‡∏≤‡πÑ‡∏°‡πà‡∏°‡∏µ‡∏£‡∏≠‡∏ö‡∏ô‡∏µ‡πâ‡πÄ‡∏£‡∏≤‡∏Ñ‡∏á‡πÑ‡∏°‡πà‡∏ï‡∏¥‡∏î‡πÅ‡∏á‡πâ ‡∏î‡∏µ‡πÉ‡∏à‡∏°‡∏≤‡∏Å ‚ù§Ô∏è
<ATTRS> ‡∏°‡∏≤‡∏Å‡πÜ ‚ñÅ‡πÄ‡∏£‡∏≤ ‡∏ï‡∏¥‡∏î‚ñÅ‡∏Ç‡∏≠‡∏ö‡∏Ñ‡∏∏‡∏ì‚ù§‡πÄ‡∏Å‡∏¥‡∏ô ‡∏Ñ‡∏ß‡∏≤‡∏° ‡∏Ñ‡∏≤‡∏î‡∏´‡∏°‡∏≤‡∏¢ <CONT_START>  ‡∏°‡∏Ç ‡∏°‡∏≤‡∏Å‡πÜ‡∏ô‡∏∞‡∏Ñ‡∏∞ ‡∏ó‡∏µ‡πà‡∏£‡∏±‡∏Å‡πÄ‡∏£‡∏≤‡∏°‡∏±‡∏ô‡∏°‡∏≤‡∏Å‡πÜ ‡πÄ‡∏£‡∏≤‡∏ï‡∏¥‡∏î 4 ‡∏≠‡∏±‡∏ô‡∏ó‡∏µ‡πà‡∏¢‡∏∑‡πà‡∏ô‡πÑ‡∏õ‡∏´‡∏°‡∏î‡πÄ‡∏•‡∏¢ <START>,<ATTRS> ‡∏°‡∏≤‡∏Å‡πÜ ‚ñÅ‡πÄ‡∏£‡∏≤ ‡∏ï‡∏¥‡∏î‚ñÅ‡∏Ç‡∏≠‡∏ö‡∏Ñ‡∏∏‡∏ì‚ù§‡πÄ‡∏Å‡∏¥‡∏ô ‡∏Ñ‡∏ß‡∏≤‡∏° ‡∏Ñ‡∏≤‡∏î‡∏´‡∏°‡∏≤‡∏¢ <CONT_START>  ‡∏°‡∏Ç ‡∏°‡∏≤‡∏Å‡πÜ‡∏ô‡∏∞‡∏Ñ‡∏∞ ‡∏ó‡∏µ‡πà‡∏£‡∏±‡∏Å‡πÄ‡∏£‡∏≤‡∏°‡∏±‡∏ô‡∏°‡∏≤‡∏Å‡πÜ ‡πÄ‡∏£‡∏≤‡∏ï‡∏¥‡∏î 4 ‡∏≠‡∏±‡∏ô‡∏ó‡∏µ‡πà‡∏¢‡∏∑‡πà‡∏ô‡πÑ‡∏õ‡∏´‡∏°‡∏î‡πÄ‡∏•‡∏¢ <START> ‡∏Ç‡∏≠‡∏ö‡∏Ñ‡∏∏‡∏ì ‡∏°‡∏Ç ‡∏°‡∏≤‡∏Å‡πÜ‡∏ô‡∏∞‡∏Ñ‡∏∞ ‡∏ó‡∏µ‡πà‡∏£‡∏±‡∏Å‡πÄ‡∏£‡∏≤‚ù§‚ù§‚ù§‡∏°‡∏±‡∏ô‡πÄ‡∏Å‡∏¥‡∏ô‡∏Ñ‡∏ß‡∏≤‡∏°‡∏Ñ‡∏≤‡∏î‡∏´‡∏°‡∏≤‡∏¢‡∏°‡∏≤‡∏Å‡πÜ ‡πÄ‡∏£‡∏≤‡∏ï‡∏¥‡∏î 4 ‡∏≠‡∏±‡∏ô‡∏ó‡∏µ‡πà‡∏¢‡∏∑‡πà‡∏ô‡πÑ‡∏õ‡∏´‡∏°‡∏î‡πÄ‡∏•‡∏¢
<ATTRS> ‚ñÅ‡∏Ç‡∏≠‡∏ö‡∏Ñ‡∏∏‡∏ì <CONT_START>  #TCAS61 ‡∏ó‡∏µ‡πà‡∏ó‡∏≥‡πÉ‡∏´‡πâ‡∏Ñ‡∏ô‡πÜ‡∏ô‡∏∂‡∏á‡∏ó‡∏µ‡πà‡πÑ‡∏°‡πà‡πÄ‡∏Ñ‡∏¢‡∏£‡∏≠‡∏≠‡∏∞‡πÑ‡∏£‡πÑ‡∏î‡πâ‡∏ô‡∏≤‡∏ô‡πÑ‡∏î‡πâ‡∏£‡∏π‡πâ‡∏ß‡πà‡∏≤‡∏Å‡∏≤‡∏£‡∏£‡∏≠‡∏Ñ‡∏≠‡∏¢‡∏ó‡∏µ‡πà‡πÅ‡∏™‡∏ô‡∏¢‡∏≤‡∏ß‡∏ô‡∏≤‡∏ô‡∏°‡∏±‡∏ô‡∏ó‡∏£‡∏°‡∏≤‡∏ô‡∏°‡∏≤‡∏Å‡∏Ç‡∏ô‡∏≤‡∏î‡πÑ‡∏´‡∏ô ‡∏à‡∏£‡∏¥‡∏á‡πÜüòªüôèüôè <START>,<ATTRS> ‚ñÅ‡∏Ç‡∏≠‡∏ö‡∏Ñ‡∏∏‡∏ì <CONT_START>  #TCAS61 ‡∏ó‡∏µ‡πà‡∏ó‡∏≥‡πÉ‡∏´‡πâ‡∏Ñ‡∏ô‡πÜ‡∏ô‡∏∂‡∏á‡∏ó‡∏µ‡πà‡πÑ‡∏°‡πà‡πÄ‡∏Ñ‡∏¢‡∏£‡∏≠‡∏≠‡∏∞‡πÑ‡∏£‡πÑ‡∏î‡πâ‡∏ô‡∏≤‡∏ô‡πÑ‡∏î‡πâ‡∏£‡∏π‡πâ‡∏ß‡πà‡∏≤‡∏Å‡∏≤‡∏£‡∏£‡∏≠‡∏Ñ‡∏≠‡∏¢‡∏ó‡∏µ‡πà‡πÅ‡∏™‡∏ô‡∏¢‡∏≤‡∏ß‡∏ô‡∏≤‡∏ô‡∏°‡∏±‡∏ô‡∏ó‡∏£‡∏°‡∏≤‡∏ô‡∏°‡∏≤‡∏Å‡∏Ç‡∏ô‡∏≤‡∏î‡πÑ‡∏´‡∏ô ‡∏à‡∏£‡∏¥‡∏á‡πÜüòªüôèüôè <START> ‡∏Ç‡∏≠‡∏ö‡∏Ñ‡∏∏‡∏ì #TCAS61 ‡∏ó‡∏µ‡πà‡∏ó‡∏≥‡πÉ‡∏´‡πâ‡∏Ñ‡∏ô‡πÜ‡∏ô‡∏∂‡∏á‡∏ó‡∏µ‡πà‡πÑ‡∏°‡πà‡πÄ‡∏Ñ‡∏¢‡∏£‡∏≠‡∏≠‡∏∞‡πÑ‡∏£‡πÑ‡∏î‡πâ‡∏ô‡∏≤‡∏ô‡πÑ‡∏î‡πâ‡∏£‡∏π‡πâ‡∏ß‡πà‡∏≤‡∏Å‡∏≤‡∏£‡∏£‡∏≠‡∏Ñ‡∏≠‡∏¢‡∏ó‡∏µ‡πà‡πÅ‡∏™‡∏ô‡∏¢‡∏≤‡∏ß‡∏ô‡∏≤‡∏ô‡∏°‡∏±‡∏ô‡∏ó‡∏£‡∏°‡∏≤‡∏ô‡∏°‡∏≤‡∏Å‡∏Ç‡∏ô‡∏≤‡∏î‡πÑ‡∏´‡∏ô ‡∏Ç‡∏≠‡∏ö‡∏Ñ‡∏∏‡∏ì‡∏à‡∏£‡∏¥‡∏á‡πÜüòªüôèüôè
<ATTRS> ‡∏Å‡∏£‡∏µ‡πâ‡∏î‚ñÅ‡∏î‡∏µ‡πÉ‡∏à <CONT_START>  ‡πÇ‡∏ß‡πâ‡∏¢‡∏¢‡∏¢‡∏¢ <START>,<ATTRS> ‡∏Å‡∏£‡∏µ‡πâ‡∏î‚ñÅ‡∏î‡∏µ‡πÉ‡∏à <CONT_START>  ‡πÇ‡∏ß‡πâ‡∏¢‡∏¢‡∏¢‡∏¢ <START> ‡∏Å‡∏£‡∏µ‡πâ‡∏î ‡∏î‡∏µ‡πÉ‡∏à‡πÇ‡∏ß‡πâ‡∏¢‡∏¢‡∏¢‡∏¢
<ATTRS> ‡∏¢‡∏≠‡∏î‡πÄ‡∏¢‡∏µ‡πà‡∏¢‡∏°‡πÄ‡∏´‡∏°‡∏≤‡∏∞‡∏™‡∏° ‚ñÅ <CONT_START> ‡∏Ñ‡πà‡∏∞ ‡∏£‡∏≤‡∏Ñ‡∏≤ ‡∏ö‡∏≠‡∏Å‡∏ï‡πà‡∏≠‡πÑ‡∏î‡πâ‡πÄ‡∏•‡∏¢‡∏Ñ‡πà‡∏∞ <START>,<ATTRS> ‡∏¢‡∏≠‡∏î‡πÄ‡∏¢‡∏µ‡πà‡∏¢‡∏°‡πÄ‡∏´‡∏°‡∏≤‡∏∞‡∏™‡∏° ‚ñÅ <CONT_START> ‡∏Ñ‡πà‡∏∞ ‡∏£‡∏≤‡∏Ñ‡∏≤ ‡∏ö‡∏≠‡∏Å‡∏ï‡πà‡∏≠‡πÑ‡∏î‡πâ‡πÄ‡∏•‡∏¢‡∏Ñ‡πà‡∏∞ <START> ‡∏¢‡∏≠‡∏î‡πÄ‡∏¢‡∏µ‡πà‡∏¢‡∏°‡∏Ñ‡πà‡∏∞ ‡∏£‡∏≤‡∏Ñ‡∏≤‡πÄ‡∏´‡∏°‡∏≤‡∏∞‡∏™‡∏° ‡∏ö‡∏≠‡∏Å‡∏ï‡πà‡∏≠‡πÑ‡∏î‡πâ‡πÄ‡∏•‡∏¢‡∏Ñ‡πà‡∏∞
<ATTRS> ‚ñÅ‡∏™‡∏ß‡∏¢‚ñÅ‡∏ä‡∏≠‡∏ö‡∏™‡πà‡∏á‡∏Ç‡∏≠‡∏á ‡πÑ‡∏ß‡∏°‡∏≤‡∏Å <CONT_START> ‡∏Ñ‡πà‡∏∞ ‡πÄ‡∏´‡∏°‡∏∑‡∏≠‡∏ô‡πÉ‡∏ô‡∏£‡∏π‡∏õ‡πÄ‡∏•‡∏¢ ‡∏Ñ‡πà‡∏∞ ‡∏Å <START>,<ATTRS> ‚ñÅ‡∏™‡∏ß‡∏¢‚ñÅ‡∏ä‡∏≠‡∏ö‡∏™‡πà‡∏á‡∏Ç‡∏≠‡∏á ‡πÑ‡∏ß‡∏°‡∏≤‡∏Å <CONT_START> ‡∏Ñ‡πà‡∏∞ ‡πÄ‡∏´‡∏°‡∏∑‡∏≠‡∏ô‡πÉ‡∏ô‡∏£‡∏π‡∏õ‡πÄ‡∏•‡∏¢ ‡∏Ñ‡πà‡∏∞ ‡∏Å <START> ‡∏™‡∏ß‡∏¢‡∏Ñ‡πà‡∏∞ ‡πÄ‡∏´‡∏°‡∏∑‡∏≠‡∏ô‡πÉ‡∏ô‡∏£‡∏π‡∏õ‡πÄ‡∏•‡∏¢ ‡∏ä‡∏≠‡∏ö‡∏Ñ‡πà‡∏∞ ‡∏™‡πà‡∏á‡∏Ç‡∏≠‡∏á‡πÑ‡∏ß‡∏°‡∏≤‡∏Å‡∏Å
<ATTRS> ‡∏î‡∏µ‡∏Ñ‡πà‡∏∞‡∏ô‡∏∏‡πà‡∏° ‡πÅ‡∏•‡∏∞ ‡∏Ç‡∏≤‡∏ß ‡∏Ç‡∏∂‡πâ‡∏ô <CONT_START> ‡πÉ‡∏ä‡πâ‡∏´‡∏ô‡πâ‡∏≤ <START>,<ATTRS> ‡∏î‡∏µ‡∏Ñ‡πà‡∏∞‡∏ô‡∏∏‡πà‡∏° ‡πÅ‡∏•‡∏∞ ‡∏Ç‡∏≤‡∏ß ‡∏Ç‡∏∂‡πâ‡∏ô <CONT_START> ‡πÉ‡∏ä‡πâ‡∏´‡∏ô‡πâ‡∏≤ <START> ‡πÉ‡∏ä‡πâ‡∏î‡∏µ‡∏Ñ‡πà‡∏∞‡∏´‡∏ô‡πâ‡∏≤‡∏ô‡∏∏‡πà‡∏°‡πÅ‡∏•‡∏∞‡∏Ç‡∏≤‡∏ß‡∏Ç‡∏∂‡πâ‡∏ô
<ATTRS> ‡∏î‡∏µ ‚ñÅ ‡∏Ç‡∏≠‡∏á‡∏à‡∏£‡∏¥‡∏á‡∏à‡∏±‡∏î‡∏™‡πà‡∏á ‡πÄ‡∏£‡πá‡∏ß‡∏°‡∏≤‡∏Å‡∏™‡∏∞‡∏î‡∏ß‡∏Å <CONT_START>  ‡∏î‡∏µ ‡∏Ç‡∏≠‡∏á‡∏à‡∏£‡∏¥‡∏á‡∏Ç‡∏ô‡∏≤‡∏î‡πÉ‡∏´‡∏ç‡πà‡∏Å‡∏ß‡πà‡∏≤‡∏ó‡∏µ‡πà‡∏Ñ‡∏¥‡∏î‡πÑ‡∏ß‡πâ ‡πÅ‡∏ï‡πà‡πÉ‡∏ä‡πâ‡∏á‡∏≤‡∏ô‡πÑ‡∏î‡πâ‡∏î‡∏µ <START>,<ATTRS> ‡∏î‡∏µ ‚ñÅ ‡∏Ç‡∏≠‡∏á‡∏à‡∏£‡∏¥‡∏á‡∏à‡∏±‡∏î‡∏™‡πà‡∏á ‡πÄ‡∏£‡πá‡∏ß‡∏°‡∏≤‡∏Å‡∏™‡∏∞‡∏î‡∏ß‡∏Å <CONT_START>  ‡∏î‡∏µ ‡∏Ç‡∏≠‡∏á‡∏à‡∏£‡∏¥‡∏á‡∏Ç‡∏ô‡∏≤‡∏î‡πÉ‡∏´‡∏ç‡πà‡∏Å‡∏ß‡πà‡∏≤‡∏ó‡∏µ‡πà‡∏Ñ‡∏¥‡∏î‡πÑ‡∏ß‡πâ ‡πÅ‡∏ï‡πà‡πÉ‡∏ä‡πâ‡∏á‡∏≤‡∏ô‡πÑ‡∏î‡πâ‡∏î‡∏µ <START> ‡∏à‡∏±‡∏î‡∏™‡πà‡∏á‡πÄ‡∏£‡πá‡∏ß‡∏°‡∏≤‡∏Å ‡∏™‡∏∞‡∏î‡∏ß‡∏Å‡∏î‡∏µ ‡∏Ç‡∏≠‡∏á‡∏à‡∏£‡∏¥‡∏á‡∏Ç‡∏ô‡∏≤‡∏î‡πÉ‡∏´‡∏ç‡πà‡∏Å‡∏ß‡πà‡∏≤‡∏ó‡∏µ‡πà‡∏Ñ‡∏¥‡∏î‡πÑ‡∏ß‡πâ ‡πÅ‡∏ï‡πà‡πÉ‡∏ä‡πâ‡∏á‡∏≤‡∏ô‡πÑ‡∏î‡πâ‡∏î‡∏µ
<ATTRS> ‚ñÅ‡∏ä‡∏≠‡∏ö‡πÑ‡∏°‡πà‡∏ú‡∏¥‡∏î‡∏´‡∏ß‡∏±‡∏á‚ñÅ‡∏™‡∏ß‡∏¢ <CONT_START> ‡∏™‡∏¥‡∏ô‡∏Ñ‡πâ‡∏≤‡∏°‡∏≤‡∏Å ‡∏ó‡∏µ‡πà‡∏£‡∏≠ ‡∏¢‡∏±‡∏á‡∏ö‡∏£‡∏£‡∏à‡∏∏‡∏†‡∏±‡∏ì‡∏ë‡πå‡∏Ñ‡∏±‡∏ö <START>,<ATTRS> ‚ñÅ‡∏ä‡∏≠‡∏ö‡πÑ‡∏°‡πà‡∏ú‡∏¥‡∏î‡∏´‡∏ß‡∏±‡∏á‚ñÅ‡∏™‡∏ß‡∏¢ <CONT_START> ‡∏™‡∏¥‡∏ô‡∏Ñ‡πâ‡∏≤‡∏°‡∏≤‡∏Å ‡∏ó‡∏µ‡πà‡∏£‡∏≠ ‡∏¢‡∏±‡∏á‡∏ö‡∏£‡∏£‡∏à‡∏∏‡∏†‡∏±‡∏ì‡∏ë‡πå‡∏Ñ‡∏±‡∏ö <START> ‡∏ä‡∏≠‡∏ö‡∏™‡∏¥‡∏ô‡∏Ñ‡πâ‡∏≤‡∏°‡∏≤‡∏Å ‡πÑ‡∏°‡πà‡∏ú‡∏¥‡∏î‡∏´‡∏ß‡∏±‡∏á‡∏ó‡∏µ‡πà‡∏£‡∏≠ ‡∏™‡∏ß‡∏¢‡∏¢‡∏±‡∏á‡∏ö‡∏£‡∏£‡∏à‡∏∏‡∏†‡∏±‡∏ì‡∏ë‡πå‡∏Ñ‡∏±‡∏ö
<ATTRS> ‡∏£‡∏ß‡∏î‡πÄ‡∏£‡πá‡∏ß‚ñÅ ‡∏û‡∏≠‡πÉ‡∏à <CONT_START> ‡∏™‡∏¥‡∏ô‡∏Ñ‡πâ‡∏≤‡∏™‡πà‡∏á ‡πÉ‡∏ô‡∏™‡∏¥‡∏ô‡∏Ñ‡πâ‡∏≤‡∏Ñ‡∏£‡∏±‡∏ö <START>,<ATTRS> ‡∏£‡∏ß‡∏î‡πÄ‡∏£‡πá‡∏ß‚ñÅ ‡∏û‡∏≠‡πÉ‡∏à <CONT_START> ‡∏™‡∏¥‡∏ô‡∏Ñ‡πâ‡∏≤‡∏™‡πà‡∏á ‡πÉ‡∏ô‡∏™‡∏¥‡∏ô‡∏Ñ‡πâ‡∏≤‡∏Ñ‡∏£‡∏±‡∏ö <START> ‡∏™‡∏¥‡∏ô‡∏Ñ‡πâ‡∏≤‡∏™‡πà‡∏á‡∏£‡∏ß‡∏î‡πÄ‡∏£‡πá‡∏ß ‡∏û‡∏≠‡πÉ‡∏à‡πÉ‡∏ô‡∏™‡∏¥‡∏ô‡∏Ñ‡πâ‡∏≤‡∏Ñ‡∏£‡∏±‡∏ö
<ATTRS> ‡∏Ñ‡∏∏‡∏ì‡∏†‡∏≤‡∏û‡∏î‡∏µ‚ñÅ‡πÄ‡∏™‡∏µ‡∏¢‡∏á ‡∏î‡∏µ‚ñÅ‡∏ä‡∏≠‡∏ö‡∏™‡πà‡∏á ‡πÄ‡∏£‡πá‡∏ß <CONT_START> ‡∏™‡∏¥‡∏ô‡∏Ñ‡πâ‡∏≤ ‡πÅ‡∏Ç‡πá‡∏á‡πÅ‡∏£‡∏á  ‡πÄ‡∏î‡πá‡∏Å‡πÜ  ‡πÅ‡∏•‡∏∞‡∏¢‡∏±‡∏á‡∏î‡πâ‡∏ß‡∏¢‡∏Ñ‡πà‡∏∞ <START>,<ATTRS> ‡∏Ñ‡∏∏‡∏ì‡∏†‡∏≤‡∏û‡∏î‡∏µ‚ñÅ‡πÄ‡∏™‡∏µ‡∏¢‡∏á ‡∏î‡∏µ‚ñÅ‡∏ä‡∏≠‡∏ö‡∏™‡πà‡∏á ‡πÄ‡∏£‡πá‡∏ß <CONT_START> ‡∏™‡∏¥‡∏ô‡∏Ñ‡πâ‡∏≤ ‡πÅ‡∏Ç‡πá‡∏á‡πÅ‡∏£‡∏á  ‡πÄ‡∏î‡πá‡∏Å‡πÜ  ‡πÅ‡∏•‡∏∞‡∏¢‡∏±‡∏á‡∏î‡πâ‡∏ß‡∏¢‡∏Ñ‡πà‡∏∞ <START> ‡∏™‡∏¥‡∏ô‡∏Ñ‡πâ‡∏≤‡∏Ñ‡∏∏‡∏ì‡∏†‡∏≤‡∏û‡∏î‡∏µ ‡πÅ‡∏Ç‡πá‡∏á‡πÅ‡∏£‡∏á ‡πÄ‡∏™‡∏µ‡∏¢‡∏á‡∏î‡∏µ ‡πÄ‡∏î‡πá‡∏Å‡πÜ ‡∏ä‡∏≠‡∏ö ‡πÅ‡∏•‡∏∞‡∏¢‡∏±‡∏á‡∏™‡πà‡∏á‡πÄ‡∏£‡πá‡∏ß‡∏î‡πâ‡∏ß‡∏¢‡∏Ñ‡πà‡∏∞
<ATTRS> ‡πÄ‡∏´‡∏°‡∏≤‡∏∞‡∏™‡∏° ‚ñÅ‡πÉ‡∏ä‡πâ‡∏á‡∏≤‡∏ô‡∏á‡πà‡∏≤‡∏¢ <CONT_START> ‡∏£‡∏≤‡∏Ñ‡∏≤‡∏Å‡∏±‡∏ö‡∏Ñ‡∏∏‡∏ì‡∏†‡∏≤‡∏û‡∏Ç‡∏≠‡∏á‡∏™‡∏¥‡∏ô‡∏Ñ‡πâ‡∏≤‡∏°‡∏µ‡∏Ñ‡∏ß‡∏≤‡∏°  <START>,<ATTRS> ‡πÄ‡∏´‡∏°‡∏≤‡∏∞‡∏™‡∏° ‚ñÅ‡πÉ‡∏ä‡πâ‡∏á‡∏≤‡∏ô‡∏á‡πà‡∏≤‡∏¢ <CONT_START> ‡∏£‡∏≤‡∏Ñ‡∏≤‡∏Å‡∏±‡∏ö‡∏Ñ‡∏∏‡∏ì‡∏†‡∏≤‡∏û‡∏Ç‡∏≠‡∏á‡∏™‡∏¥‡∏ô‡∏Ñ‡πâ‡∏≤‡∏°‡∏µ‡∏Ñ‡∏ß‡∏≤‡∏°  <START> ‡∏£‡∏≤‡∏Ñ‡∏≤‡∏Å‡∏±‡∏ö‡∏Ñ‡∏∏‡∏ì‡∏†‡∏≤‡∏û‡∏Ç‡∏≠‡∏á‡∏™‡∏¥‡∏ô‡∏Ñ‡πâ‡∏≤‡∏°‡∏µ‡∏Ñ‡∏ß‡∏≤‡∏°‡πÄ‡∏´‡∏°‡∏≤‡∏∞‡∏™‡∏° ‡πÉ‡∏ä‡πâ‡∏á‡∏≤‡∏ô‡∏á‡πà‡∏≤‡∏¢
<ATTRS> ‡∏™‡πà‡∏á‡∏Ç‡∏≠‡∏á ‡πÑ‡∏ß‡∏´‡πà‡∏≠ ‡∏û‡∏±‡∏™‡∏î‡∏∏ ‡∏î‡∏µ‡πÄ‡∏¢‡∏µ‡πà‡∏¢‡∏° <CONT_START>   ‡∏Ç‡∏≠‡∏á‡πÉ‡∏ä‡πâ‡∏á‡∏≤‡∏ô <START>,<ATTRS> ‡∏™‡πà‡∏á‡∏Ç‡∏≠‡∏á ‡πÑ‡∏ß‡∏´‡πà‡∏≠ ‡∏û‡∏±‡∏™‡∏î‡∏∏ ‡∏î‡∏µ‡πÄ‡∏¢‡∏µ‡πà‡∏¢‡∏° <CONT_START>   ‡∏Ç‡∏≠‡∏á‡πÉ‡∏ä‡πâ‡∏á‡∏≤‡∏ô <START> ‡∏™‡πà‡∏á‡∏Ç‡∏≠‡∏á‡πÑ‡∏ß ‡∏´‡πà‡∏≠‡∏û‡∏±‡∏™‡∏î‡∏∏‡∏î‡∏µ  ‡∏Ç‡∏≠‡∏á‡πÉ‡∏ä‡πâ‡∏á‡∏≤‡∏ô‡πÄ‡∏¢‡∏µ‡πà‡∏¢‡∏°
<ATTRS> ‚ñÅ‡∏™‡∏ß‡∏¢‡∏£‡∏ß‡∏î‡πÄ‡∏£‡πá‡∏ß‡∏î‡∏µ‡∏Ñ‡πà‡∏∞ <CONT_START> ‡∏Ñ‡πà‡∏∞ ‡∏Å‡∏≤‡∏£‡∏à‡∏±‡∏î‡∏™‡πà‡∏á‡∏Å‡πá <START>,<ATTRS> ‚ñÅ‡∏™‡∏ß‡∏¢‡∏£‡∏ß‡∏î‡πÄ‡∏£‡πá‡∏ß‡∏î‡∏µ‡∏Ñ‡πà‡∏∞ <CONT_START> ‡∏Ñ‡πà‡∏∞ ‡∏Å‡∏≤‡∏£‡∏à‡∏±‡∏î‡∏™‡πà‡∏á‡∏Å‡πá <START> ‡∏™‡∏ß‡∏¢‡∏Ñ‡πà‡∏∞ ‡∏Å‡∏≤‡∏£‡∏à‡∏±‡∏î‡∏™‡πà‡∏á‡∏Å‡πá‡∏£‡∏ß‡∏î‡πÄ‡∏£‡πá‡∏ß‡∏î‡∏µ‡∏Ñ‡πà‡∏∞
<ATTRS> ‡∏Ñ‡∏∏‡πâ‡∏°‡∏Ñ‡πà‡∏≤ <CONT_START> ‡∏Ñ‡∏∏‡∏ì‡∏†‡∏≤‡∏û‡∏Ñ‡∏£‡∏±‡∏ö <START>,<ATTRS> ‡∏Ñ‡∏∏‡πâ‡∏°‡∏Ñ‡πà‡∏≤ <CONT_START> ‡∏Ñ‡∏∏‡∏ì‡∏†‡∏≤‡∏û‡∏Ñ‡∏£‡∏±‡∏ö <START> ‡∏Ñ‡∏∏‡∏ì‡∏†‡∏≤‡∏û‡∏Ñ‡∏∏‡πâ‡∏°‡∏Ñ‡πà‡∏≤‡∏Ñ‡∏£‡∏±‡∏ö
<ATTRS> ‡∏™‡πà‡∏á ‡πÄ‡∏£‡πá‡∏ß‡∏Ñ‡∏∏‡πâ‡∏°‚ñÅ ‡∏£‡∏≤‡∏Ñ‡∏≤‡∏ñ‡∏π‡∏Å <CONT_START> ‡∏î‡∏µ ‡πÉ‡∏ä‡πâ‡∏î‡∏µ‡∏°‡∏≤‡∏Å  <START>,<ATTRS> ‡∏™‡πà‡∏á ‡πÄ‡∏£‡πá‡∏ß‡∏Ñ‡∏∏‡πâ‡∏°‚ñÅ ‡∏£‡∏≤‡∏Ñ‡∏≤‡∏ñ‡∏π‡∏Å <CONT_START> ‡∏î‡∏µ ‡πÉ‡∏ä‡πâ‡∏î‡∏µ‡∏°‡∏≤‡∏Å  <START> ‡∏™‡πà‡∏á‡πÄ‡∏£‡πá‡∏ß‡∏î‡∏µ ‡πÉ‡∏ä‡πâ‡∏î‡∏µ‡∏Ñ‡∏∏‡πâ‡∏°‡∏°‡∏≤‡∏Å ‡∏£‡∏≤‡∏Ñ‡∏≤‡∏ñ‡∏π‡∏Å
<ATTRS> ‡πÑ‡∏î‡πâ‡∏£‡∏±‡∏ö ‡∏™‡∏¥‡∏ô‡∏Ñ‡πâ‡∏≤ ‡πÄ‡∏£‡πá‡∏ß‡∏°‡∏µ‡∏Ñ‡∏∏‡∏ì‡∏†‡∏≤‡∏û‡∏™‡∏ß‡∏°‡πÉ‡∏™‡πà‡∏™‡∏ö‡∏≤‡∏¢‡∏°‡∏≤‡∏Å‡πÜ‡πÜ ‚ñÅ <CONT_START> ‡∏Ñ‡πà‡∏∞ ‡πÅ‡∏•‡∏∞‡∏™‡∏¥‡∏ô‡∏Ñ‡πâ‡∏≤‡∏Å‡πá ‡∏ï‡∏±‡∏ß ‡πÄ‡∏•‡∏¢‡∏Ñ‡πà‡∏∞ <START>,<ATTRS> ‡πÑ‡∏î‡πâ‡∏£‡∏±‡∏ö ‡∏™‡∏¥‡∏ô‡∏Ñ‡πâ‡∏≤ ‡πÄ‡∏£‡πá‡∏ß‡∏°‡∏µ‡∏Ñ‡∏∏‡∏ì‡∏†‡∏≤‡∏û‡∏™‡∏ß‡∏°‡πÉ‡∏™‡πà‡∏™‡∏ö‡∏≤‡∏¢‡∏°‡∏≤‡∏Å‡πÜ‡πÜ ‚ñÅ <CONT_START> ‡∏Ñ‡πà‡∏∞ ‡πÅ‡∏•‡∏∞‡∏™‡∏¥‡∏ô‡∏Ñ‡πâ‡∏≤‡∏Å‡πá ‡∏ï‡∏±‡∏ß ‡πÄ‡∏•‡∏¢‡∏Ñ‡πà‡∏∞ <START> ‡πÑ‡∏î‡πâ‡∏£‡∏±‡∏ö‡∏™‡∏¥‡∏ô‡∏Ñ‡πâ‡∏≤‡πÄ‡∏£‡πá‡∏ß‡∏Ñ‡πà‡∏∞ ‡πÅ‡∏•‡∏∞‡∏™‡∏¥‡∏ô‡∏Ñ‡πâ‡∏≤‡∏Å‡πá‡∏°‡∏µ‡∏Ñ‡∏∏‡∏ì‡∏†‡∏≤‡∏û ‡∏™‡∏ß‡∏°‡πÉ‡∏™‡πà‡∏™‡∏ö‡∏≤‡∏¢‡∏ï‡∏±‡∏ß‡∏°‡∏≤‡∏Å‡πÜ‡πÜ ‡πÄ‡∏•‡∏¢‡∏Ñ‡πà‡∏∞
<ATTRS> ‡∏Ç‡∏≠‡∏á ‡πÄ‡∏£‡πá‡∏ß‡∏°‡∏≤‡∏Å‡∏ï‡πâ‡∏≠‡∏á‡∏Å‡∏≤‡∏£‡∏™‡∏ß‡∏¢‡∏°‡∏≤‡∏Å <CONT_START> ‡πÑ‡∏î‡πâ‡∏£‡∏±‡∏ö.. ‡πÅ‡∏ñ‡∏°‡∏™‡∏¥‡∏ô‡∏Ñ‡πâ‡∏≤‡πÑ‡∏î‡πâ‡∏ï‡∏≤‡∏° <START>,<ATTRS> ‡∏Ç‡∏≠‡∏á ‡πÄ‡∏£‡πá‡∏ß‡∏°‡∏≤‡∏Å‡∏ï‡πâ‡∏≠‡∏á‡∏Å‡∏≤‡∏£‡∏™‡∏ß‡∏¢‡∏°‡∏≤‡∏Å <CONT_START> ‡πÑ‡∏î‡πâ‡∏£‡∏±‡∏ö.. ‡πÅ‡∏ñ‡∏°‡∏™‡∏¥‡∏ô‡∏Ñ‡πâ‡∏≤‡πÑ‡∏î‡πâ‡∏ï‡∏≤‡∏° <START> ‡πÑ‡∏î‡πâ‡∏£‡∏±‡∏ö‡∏Ç‡∏≠‡∏á‡πÄ‡∏£‡πá‡∏ß‡∏°‡∏≤‡∏Å.. ‡πÅ‡∏ñ‡∏°‡∏™‡∏¥‡∏ô‡∏Ñ‡πâ‡∏≤‡πÑ‡∏î‡πâ‡∏ï‡∏≤‡∏°‡∏ï‡πâ‡∏≠‡∏á‡∏Å‡∏≤‡∏£‡∏™‡∏ß‡∏¢‡∏°‡∏≤‡∏Å
<ATTRS> ‡∏£‡∏π‡πâ‡∏™‡∏∂‡∏Å‡∏ß‡πà‡∏≤ ‡∏î‡∏µ‡∏ô‡∏∞ <CONT_START> ‡∏£‡∏±‡∏ö‡∏õ‡∏£‡∏∞‡∏ó‡∏≤‡∏ô‡∏î‡∏µ‡∏≠‡∏¢‡∏π‡πà‡∏ô‡∏∞‡∏Ñ‡∏£‡∏±‡∏ö ‡∏°‡∏≠‡∏á‡πÄ‡∏´‡πá‡∏ô‡∏Ñ‡∏ß‡∏≤‡∏°‡πÄ‡∏õ‡∏•‡∏µ‡πà‡∏¢‡∏ô‡πÅ‡∏õ‡∏•‡∏á‡∏Ç‡∏≠‡∏á‡∏£‡πà‡∏≤‡∏á‡∏Å‡∏≤‡∏¢ ‡∏ó‡∏≤‡∏ô‡πÅ‡∏•‡πâ‡∏ß <START>,<ATTRS> ‡∏£‡∏π‡πâ‡∏™‡∏∂‡∏Å‡∏ß‡πà‡∏≤ ‡∏î‡∏µ‡∏ô‡∏∞ <CONT_START> ‡∏£‡∏±‡∏ö‡∏õ‡∏£‡∏∞‡∏ó‡∏≤‡∏ô‡∏î‡∏µ‡∏≠‡∏¢‡∏π‡πà‡∏ô‡∏∞‡∏Ñ‡∏£‡∏±‡∏ö ‡∏°‡∏≠‡∏á‡πÄ‡∏´‡πá‡∏ô‡∏Ñ‡∏ß‡∏≤‡∏°‡πÄ‡∏õ‡∏•‡∏µ‡πà‡∏¢‡∏ô‡πÅ‡∏õ‡∏•‡∏á‡∏Ç‡∏≠‡∏á‡∏£‡πà‡∏≤‡∏á‡∏Å‡∏≤‡∏¢ ‡∏ó‡∏≤‡∏ô‡πÅ‡∏•‡πâ‡∏ß <START> ‡∏£‡∏±‡∏ö‡∏õ‡∏£‡∏∞‡∏ó‡∏≤‡∏ô‡∏î‡∏µ‡∏≠‡∏¢‡∏π‡πà‡∏ô‡∏∞‡∏Ñ‡∏£‡∏±‡∏ö ‡∏°‡∏≠‡∏á‡πÄ‡∏´‡πá‡∏ô‡∏Ñ‡∏ß‡∏≤‡∏°‡πÄ‡∏õ‡∏•‡∏µ‡πà‡∏¢‡∏ô‡πÅ‡∏õ‡∏•‡∏á‡∏Ç‡∏≠‡∏á‡∏£‡πà‡∏≤‡∏á‡∏Å‡∏≤‡∏¢ ‡∏ó‡∏≤‡∏ô‡πÅ‡∏•‡πâ‡∏ß‡∏£‡∏π‡πâ‡∏™‡∏∂‡∏Å‡∏ß‡πà‡∏≤‡∏î‡∏µ‡∏ô‡∏∞
<ATTRS> ‚ñÅ‡πÉ‡∏ä‡πâ ‡πÑ‡∏î‡πâ‡∏î‡∏µ <CONT_START> ‡πÄ‡∏´‡∏°‡∏≤‡∏∞‡∏Å‡∏±‡∏ö‡∏£‡∏≤‡∏Ñ‡∏≤‡∏ô‡∏µ‡πâ ‡∏Å‡πá‡∏™‡∏£‡∏∏‡∏õ‡∏ß‡πà‡∏≤‡∏î‡∏µ‡∏Ñ‡∏£‡∏±‡∏ö <START>,<ATTRS> ‚ñÅ‡πÉ‡∏ä‡πâ ‡πÑ‡∏î‡πâ‡∏î‡∏µ <CONT_START> ‡πÄ‡∏´‡∏°‡∏≤‡∏∞‡∏Å‡∏±‡∏ö‡∏£‡∏≤‡∏Ñ‡∏≤‡∏ô‡∏µ‡πâ ‡∏Å‡πá‡∏™‡∏£‡∏∏‡∏õ‡∏ß‡πà‡∏≤‡∏î‡∏µ‡∏Ñ‡∏£‡∏±‡∏ö <START> ‡πÉ‡∏ä‡πâ‡πÑ‡∏î‡πâ‡∏î‡∏µ‡πÄ‡∏´‡∏°‡∏≤‡∏∞‡∏Å‡∏±‡∏ö‡∏£‡∏≤‡∏Ñ‡∏≤‡∏ô‡∏µ‡πâ ‡∏Å‡πá‡∏™‡∏£‡∏∏‡∏õ‡∏ß‡πà‡∏≤‡∏î‡∏µ‡∏Ñ‡∏£‡∏±‡∏ö
<ATTRS> ‡∏î‡∏µ‡∏°‡∏≤‡∏Å‡∏™‡πà‡∏á‡∏Ç‡∏≠‡∏á ‡∏Å‡πá ‡πÄ‡∏£‡πá‡∏ß ‡∏Ç‡∏≠‡∏á <CONT_START> ‡πÉ‡∏ä‡πâ‡∏á‡∏≤‡∏ô‡∏Ñ‡∏£‡∏±‡∏ö <START>,<ATTRS> ‡∏î‡∏µ‡∏°‡∏≤‡∏Å‡∏™‡πà‡∏á‡∏Ç‡∏≠‡∏á ‡∏Å‡πá ‡πÄ‡∏£‡πá‡∏ß ‡∏Ç‡∏≠‡∏á <CONT_START> ‡πÉ‡∏ä‡πâ‡∏á‡∏≤‡∏ô‡∏Ñ‡∏£‡∏±‡∏ö <START> ‡πÉ‡∏ä‡πâ‡∏á‡∏≤‡∏ô‡∏î‡∏µ‡∏°‡∏≤‡∏Å‡∏™‡πà‡∏á‡∏Ç‡∏≠‡∏á‡∏Å‡πá‡πÄ‡∏£‡πá‡∏ß‡∏Ç‡∏≠‡∏á‡∏Ñ‡∏£‡∏±‡∏ö
<ATTRS> ‡∏™‡πà‡∏á ‡πÑ‡∏ß‡∏°‡∏≤‡∏Å‡∏î‡∏µ‡∏°‡∏≤‡∏Å‡πÉ‡∏ä‡πâ‡∏á‡∏≤‡∏ô‡πÑ‡∏î‡πâ ‡∏õ‡∏Å‡∏ï‡∏¥ ‡πÑ‡∏°‡πà‡∏°‡∏µ‡∏õ‡∏±‡∏ç‡∏´‡∏≤‡∏Ñ‡∏∏‡πâ‡∏°‡∏Ñ‡πà‡∏≤‡∏™‡∏∏‡∏î‡πÜ <CONT_START>  ‡∏™‡∏±‡πà‡∏á‡∏ï‡∏≠‡∏ô‡πÄ‡∏¢‡πá‡∏ô ‡∏ï‡∏≠‡∏ô‡πÄ‡∏ä‡πâ‡∏≤‡πÑ‡∏î‡πâ‡πÅ‡∏•‡πâ‡∏ß ‡∏™‡∏¥‡∏ô‡∏Ñ‡πâ‡∏≤‡πÅ‡∏û‡πá‡∏Ñ‡∏°‡∏≤ ‡∏≠‡∏∞‡πÑ‡∏£ ‡∏ñ‡∏∑‡∏≠‡∏ß‡πà‡∏≤‡∏Ñ‡∏£‡∏±‡∏ö <START>,<ATTRS> ‡∏™‡πà‡∏á ‡πÑ‡∏ß‡∏°‡∏≤‡∏Å‡∏î‡∏µ‡∏°‡∏≤‡∏Å‡πÉ‡∏ä‡πâ‡∏á‡∏≤‡∏ô‡πÑ‡∏î‡πâ ‡∏õ‡∏Å‡∏ï‡∏¥ ‡πÑ‡∏°‡πà‡∏°‡∏µ‡∏õ‡∏±‡∏ç‡∏´‡∏≤‡∏Ñ‡∏∏‡πâ‡∏°‡∏Ñ‡πà‡∏≤‡∏™‡∏∏‡∏î‡πÜ <CONT_START>  ‡∏™‡∏±‡πà‡∏á‡∏ï‡∏≠‡∏ô‡πÄ‡∏¢‡πá‡∏ô ‡∏ï‡∏≠‡∏ô‡πÄ‡∏ä‡πâ‡∏≤‡πÑ‡∏î‡πâ‡πÅ‡∏•‡πâ‡∏ß ‡∏™‡∏¥‡∏ô‡∏Ñ‡πâ‡∏≤‡πÅ‡∏û‡πá‡∏Ñ‡∏°‡∏≤ ‡∏≠‡∏∞‡πÑ‡∏£ ‡∏ñ‡∏∑‡∏≠‡∏ß‡πà‡∏≤‡∏Ñ‡∏£‡∏±‡∏ö <START> ‡∏™‡πà‡∏á‡πÑ‡∏ß‡∏°‡∏≤‡∏Å ‡∏™‡∏±‡πà‡∏á‡∏ï‡∏≠‡∏ô‡πÄ‡∏¢‡πá‡∏ô ‡∏ï‡∏≠‡∏ô‡πÄ‡∏ä‡πâ‡∏≤‡πÑ‡∏î‡πâ‡πÅ‡∏•‡πâ‡∏ß ‡∏™‡∏¥‡∏ô‡∏Ñ‡πâ‡∏≤‡πÅ‡∏û‡πá‡∏Ñ‡∏°‡∏≤‡∏î‡∏µ‡∏°‡∏≤‡∏Å ‡πÉ‡∏ä‡πâ‡∏á‡∏≤‡∏ô‡πÑ‡∏î‡πâ‡∏õ‡∏Å‡∏ï‡∏¥‡πÑ‡∏°‡πà‡∏°‡∏µ‡∏õ‡∏±‡∏ç‡∏´‡∏≤‡∏≠‡∏∞‡πÑ‡∏£ ‡∏ñ‡∏∑‡∏≠‡∏ß‡πà‡∏≤‡∏Ñ‡∏∏‡πâ‡∏°‡∏Ñ‡πà‡∏≤‡∏™‡∏∏‡∏î‡πÜ‡∏Ñ‡∏£‡∏±‡∏ö
<ATTRS> ‡∏Ñ‡πà‡∏≠‡∏ô‡∏Ç‡πâ‡∏≤‡∏á‡∏î‡∏µ‡∏Ñ‡∏∏‡πâ‡∏° <CONT_START> ‡∏ß‡∏±‡∏™‡∏î‡∏∏‡∏ô‡∏±‡∏ö‡∏ß‡πà‡∏≤‡∏£‡∏≤‡∏Ñ‡∏≤‡∏Ñ‡∏£‡∏±‡∏ö <START>,<ATTRS> ‡∏Ñ‡πà‡∏≠‡∏ô‡∏Ç‡πâ‡∏≤‡∏á‡∏î‡∏µ‡∏Ñ‡∏∏‡πâ‡∏° <CONT_START> ‡∏ß‡∏±‡∏™‡∏î‡∏∏‡∏ô‡∏±‡∏ö‡∏ß‡πà‡∏≤‡∏£‡∏≤‡∏Ñ‡∏≤‡∏Ñ‡∏£‡∏±‡∏ö <START> ‡∏ß‡∏±‡∏™‡∏î‡∏∏‡∏Ñ‡πà‡∏≠‡∏ô‡∏Ç‡πâ‡∏≤‡∏á‡∏î‡∏µ‡∏ô‡∏±‡∏ö‡∏ß‡πà‡∏≤‡∏Ñ‡∏∏‡πâ‡∏°‡∏£‡∏≤‡∏Ñ‡∏≤‡∏Ñ‡∏£‡∏±‡∏ö
<ATTRS> ‚ñÅ ‡πÉ‡∏™‡πà‡∏™‡∏ö‡∏≤‡∏¢ <CONT_START> ‡∏™‡∏±‡πà‡∏á‡∏´‡∏•‡∏≤‡∏¢‡∏£‡∏≠‡∏ö‡πÅ‡∏•‡πâ‡∏ß‡∏à‡∏£‡πâ‡∏≤‡∏≤‡∏≤ <START>,<ATTRS> ‚ñÅ ‡πÉ‡∏™‡πà‡∏™‡∏ö‡∏≤‡∏¢ <CONT_START> ‡∏™‡∏±‡πà‡∏á‡∏´‡∏•‡∏≤‡∏¢‡∏£‡∏≠‡∏ö‡πÅ‡∏•‡πâ‡∏ß‡∏à‡∏£‡πâ‡∏≤‡∏≤‡∏≤ <START> ‡πÉ‡∏™‡πà‡∏™‡∏ö‡∏≤‡∏¢‡∏™‡∏±‡πà‡∏á‡∏´‡∏•‡∏≤‡∏¢‡∏£‡∏≠‡∏ö‡πÅ‡∏•‡πâ‡∏ß‡∏à‡∏£‡πâ‡∏≤‡∏≤‡∏≤
<ATTRS> ‡∏£‡∏ß‡∏î‡πÄ‡∏£‡πá‡∏ß‡∏Ñ‡∏∏‡∏ì‡∏†‡∏≤‡∏û ‡πÉ‡∏ä‡πâ‡πÑ‡∏î‡πâ <CONT_START> ‡∏™‡πà‡∏á‡∏Ç‡∏≠‡∏á‡∏î‡∏µ ‡∏Ñ‡πà‡∏∞ <START>,<ATTRS> ‡∏£‡∏ß‡∏î‡πÄ‡∏£‡πá‡∏ß‡∏Ñ‡∏∏‡∏ì‡∏†‡∏≤‡∏û ‡πÉ‡∏ä‡πâ‡πÑ‡∏î‡πâ <CONT_START> ‡∏™‡πà‡∏á‡∏Ç‡∏≠‡∏á‡∏î‡∏µ ‡∏Ñ‡πà‡∏∞ <START> ‡∏™‡πà‡∏á‡∏Ç‡∏≠‡∏á‡∏£‡∏ß‡∏î‡πÄ‡∏£‡πá‡∏ß‡∏î‡∏µ ‡∏Ñ‡∏∏‡∏ì‡∏†‡∏≤‡∏û‡πÉ‡∏ä‡πâ‡πÑ‡∏î‡πâ‡∏Ñ‡πà‡∏∞
<ATTRS> ‡∏î‡∏µ ‡∏£‡∏≤‡∏Ñ‡∏≤‡πÑ‡∏°‡πà‡πÅ‡∏û‡∏á <CONT_START> ‡πÉ‡∏ä‡πâ‡∏á‡∏≤‡∏ô‡πÑ‡∏î‡πâ‡∏°‡∏≤‡∏Å <START>,<ATTRS> ‡∏î‡∏µ ‡∏£‡∏≤‡∏Ñ‡∏≤‡πÑ‡∏°‡πà‡πÅ‡∏û‡∏á <CONT_START> ‡πÉ‡∏ä‡πâ‡∏á‡∏≤‡∏ô‡πÑ‡∏î‡πâ‡∏°‡∏≤‡∏Å <START> ‡πÉ‡∏ä‡πâ‡∏á‡∏≤‡∏ô‡πÑ‡∏î‡πâ‡∏î‡∏µ‡∏£‡∏≤‡∏Ñ‡∏≤‡πÑ‡∏°‡πà‡πÅ‡∏û‡∏á‡∏°‡∏≤‡∏Å
<ATTRS> ‚ñÅ‡∏ä‡∏≠‡∏ö‡∏ó‡∏µ‡πà‡∏™‡πà‡∏á ‡πÄ‡∏£‡πá‡∏ß‡∏°‡∏≤‡∏Å‡∏î‡∏µ ‡∏à‡∏¥‡∏á‡πÜ <CONT_START> ‡∏Ñ‡∏£‡∏±‡∏ö ‡∏ó‡∏±‡∏ô‡πÉ‡∏à <START>,<ATTRS> ‚ñÅ‡∏ä‡∏≠‡∏ö‡∏ó‡∏µ‡πà‡∏™‡πà‡∏á ‡πÄ‡∏£‡πá‡∏ß‡∏°‡∏≤‡∏Å‡∏î‡∏µ ‡∏à‡∏¥‡∏á‡πÜ <CONT_START> ‡∏Ñ‡∏£‡∏±‡∏ö ‡∏ó‡∏±‡∏ô‡πÉ‡∏à <START> ‡∏ä‡∏≠‡∏ö‡∏ó‡∏µ‡πà‡∏™‡πà‡∏á‡πÄ‡∏£‡πá‡∏ß‡∏°‡∏≤‡∏Å‡∏Ñ‡∏£‡∏±‡∏ö ‡∏ó‡∏±‡∏ô‡πÉ‡∏à‡∏î‡∏µ‡∏à‡∏¥‡∏á‡πÜ
<ATTRS> ‡∏Ç‡∏≠‡∏á ‡πÑ‡∏ß‡∏î‡∏µ‡∏°‡∏≤‡∏Å‡∏Ñ‡∏∏‡πâ‡∏° <CONT_START> ‡∏£‡∏±‡∏ö ‡∏û‡∏ô‡∏±‡∏Å‡∏á‡∏≤‡∏ô‡∏™‡πà‡∏á‡∏Ç‡∏≠‡∏á ‡∏Ñ‡∏∏‡∏ì‡∏†‡∏≤‡∏û‡∏£‡∏≤‡∏Ñ‡∏≤ <START>,<ATTRS> ‡∏Ç‡∏≠‡∏á ‡πÑ‡∏ß‡∏î‡∏µ‡∏°‡∏≤‡∏Å‡∏Ñ‡∏∏‡πâ‡∏° <CONT_START> ‡∏£‡∏±‡∏ö ‡∏û‡∏ô‡∏±‡∏Å‡∏á‡∏≤‡∏ô‡∏™‡πà‡∏á‡∏Ç‡∏≠‡∏á ‡∏Ñ‡∏∏‡∏ì‡∏†‡∏≤‡∏û‡∏£‡∏≤‡∏Ñ‡∏≤ <START> ‡∏£‡∏±‡∏ö‡∏Ç‡∏≠‡∏á‡πÑ‡∏ß ‡∏û‡∏ô‡∏±‡∏Å‡∏á‡∏≤‡∏ô‡∏™‡πà‡∏á‡∏Ç‡∏≠‡∏á‡∏î‡∏µ‡∏°‡∏≤‡∏Å ‡∏Ñ‡∏∏‡∏ì‡∏†‡∏≤‡∏û‡∏Ñ‡∏∏‡πâ‡∏°‡∏£‡∏≤‡∏Ñ‡∏≤
<ATTRS> ‡∏Ñ‡∏∏‡πâ‡∏°‡∏Ñ‡πà‡∏≤‡∏î‡∏µ‡∏Ñ‡∏£‡∏±‡∏ö ‚ñÅ‡∏Ñ‡∏∏‡πâ‡∏°‡πÉ‡∏ä‡πâ‡∏á‡∏≤‡∏ô‡πÑ‡∏î‡πâ ‡∏ó‡∏ô‡∏ó‡∏≤‡∏ô <CONT_START>  ‡∏Ñ‡πà‡∏≤‡∏£‡∏≤‡∏Ñ‡∏≤ ‡∏ô‡πà‡∏≤‡∏à‡∏∞‡∏°‡∏∑‡∏≠‡πÉ‡∏´‡∏°‡πà‡∏ô‡πà‡∏≤‡πÄ‡∏≠‡∏≤‡∏°‡∏≤‡πÉ‡∏ä‡πâ‡∏Ñ‡∏£‡∏±‡∏ö <START>,<ATTRS> ‡∏Ñ‡∏∏‡πâ‡∏°‡∏Ñ‡πà‡∏≤‡∏î‡∏µ‡∏Ñ‡∏£‡∏±‡∏ö ‚ñÅ‡∏Ñ‡∏∏‡πâ‡∏°‡πÉ‡∏ä‡πâ‡∏á‡∏≤‡∏ô‡πÑ‡∏î‡πâ ‡∏ó‡∏ô‡∏ó‡∏≤‡∏ô <CONT_START>  ‡∏Ñ‡πà‡∏≤‡∏£‡∏≤‡∏Ñ‡∏≤ ‡∏ô‡πà‡∏≤‡∏à‡∏∞‡∏°‡∏∑‡∏≠‡πÉ‡∏´‡∏°‡πà‡∏ô‡πà‡∏≤‡πÄ‡∏≠‡∏≤‡∏°‡∏≤‡πÉ‡∏ä‡πâ‡∏Ñ‡∏£‡∏±‡∏ö <START> ‡∏î‡∏µ‡∏Ñ‡∏£‡∏±‡∏ö ‡∏Ñ‡∏∏‡πâ‡∏°‡∏Ñ‡πà‡∏≤‡∏Ñ‡∏∏‡πâ‡∏°‡∏£‡∏≤‡∏Ñ‡∏≤ ‡∏ô‡πà‡∏≤‡∏à‡∏∞‡πÉ‡∏ä‡πâ‡∏á‡∏≤‡∏ô‡πÑ‡∏î‡πâ‡∏ó‡∏ô‡∏ó‡∏≤‡∏ô‡∏°‡∏∑‡∏≠‡πÉ‡∏´‡∏°‡πà‡∏ô‡πà‡∏≤‡πÄ‡∏≠‡∏≤‡∏°‡∏≤‡πÉ‡∏ä‡πâ‡∏Ñ‡∏£‡∏±‡∏ö
<ATTRS> ‡∏£‡∏≤‡∏Ñ‡∏≤‡∏ñ‡∏π‡∏Å ‚ñÅ‡πÅ‡∏ï‡πà‡∏™‡πà‡∏á‡∏Ç‡∏≠‡∏á ‡πÑ‡∏ß‡∏°‡∏≤‡∏Å‡∏ß‡∏±‡∏ô‡πÑ‡∏´‡∏ô ‡∏à‡∏∞‡∏Ñ‡∏∏‡πâ‡∏°‡πÑ‡∏°‡πà‡∏ú‡∏¥‡∏î‡∏´‡∏ß‡∏±‡∏á ‡∏Ñ‡πà‡∏∞ <CONT_START>  ‡πÅ‡∏ï‡πà‡∏£‡∏≤‡∏Ñ‡∏≤‡∏Ç‡∏∂‡πâ‡∏ô‡∏•‡∏á‡∏ö‡πà‡∏≠‡∏¢‡∏°‡∏≤ ‡∏ï‡πâ‡∏≠‡∏á‡πÄ‡∏Ç‡πâ‡∏≤‡∏°‡∏≤‡πÄ‡∏ä‡πá‡∏Ñ‡∏£‡∏≤‡∏Ñ‡∏≤‡∏ö‡πà‡∏≠‡∏¢‡πÜ ‡∏ß‡πà‡∏≤‡∏£‡∏≤‡∏Ñ‡∏≤‡∏ñ‡∏π‡∏Å ‡πÅ‡∏ï‡πà‡πÅ‡∏ô‡πà‡∏ô‡∏≠‡∏ô‡∏Ñ‡πà‡∏∞ ‡πÄ‡∏•‡∏∑‡∏≠‡∏Å‡∏ã‡∏∑‡πâ‡∏≠‡∏≠‡∏±‡∏ô‡∏ô‡∏µ‡πâ <START>,<ATTRS> ‡∏£‡∏≤‡∏Ñ‡∏≤‡∏ñ‡∏π‡∏Å ‚ñÅ‡πÅ‡∏ï‡πà‡∏™‡πà‡∏á‡∏Ç‡∏≠‡∏á ‡πÑ‡∏ß‡∏°‡∏≤‡∏Å‡∏ß‡∏±‡∏ô‡πÑ‡∏´‡∏ô ‡∏à‡∏∞‡∏Ñ‡∏∏‡πâ‡∏°‡πÑ‡∏°‡πà‡∏ú‡∏¥‡∏î‡∏´‡∏ß‡∏±‡∏á ‡∏Ñ‡πà‡∏∞ <CONT_START>  ‡πÅ‡∏ï‡πà‡∏£‡∏≤‡∏Ñ‡∏≤‡∏Ç‡∏∂‡πâ‡∏ô‡∏•‡∏á‡∏ö‡πà‡∏≠‡∏¢‡∏°‡∏≤ ‡∏ï‡πâ‡∏≠‡∏á‡πÄ‡∏Ç‡πâ‡∏≤‡∏°‡∏≤‡πÄ‡∏ä‡πá‡∏Ñ‡∏£‡∏≤‡∏Ñ‡∏≤‡∏ö‡πà‡∏≠‡∏¢‡πÜ ‡∏ß‡πà‡∏≤‡∏£‡∏≤‡∏Ñ‡∏≤‡∏ñ‡∏π‡∏Å ‡πÅ‡∏ï‡πà‡πÅ‡∏ô‡πà‡∏ô‡∏≠‡∏ô‡∏Ñ‡πà‡∏∞ ‡πÄ‡∏•‡∏∑‡∏≠‡∏Å‡∏ã‡∏∑‡πâ‡∏≠‡∏≠‡∏±‡∏ô‡∏ô‡∏µ‡πâ <START> ‡∏™‡πà‡∏á‡∏Ç‡∏≠‡∏á‡πÑ‡∏ß‡∏°‡∏≤‡∏Å ‡πÅ‡∏ï‡πà‡∏£‡∏≤‡∏Ñ‡∏≤‡∏Ç‡∏∂‡πâ‡∏ô‡∏•‡∏á‡∏ö‡πà‡∏≠‡∏¢‡∏°‡∏≤ ‡∏ï‡πâ‡∏≠‡∏á‡πÄ‡∏Ç‡πâ‡∏≤‡∏°‡∏≤‡πÄ‡∏ä‡πá‡∏Ñ‡∏£‡∏≤‡∏Ñ‡∏≤‡∏ö‡πà‡∏≠‡∏¢‡πÜ ‡∏ß‡πà‡∏≤‡∏ß‡∏±‡∏ô‡πÑ‡∏´‡∏ô‡∏à‡∏∞‡∏£‡∏≤‡∏Ñ‡∏≤‡∏ñ‡∏π‡∏Å ‡πÅ‡∏ï‡πà‡∏Ñ‡∏∏‡πâ‡∏°‡πÅ‡∏ô‡πà‡∏ô‡∏≠‡∏ô‡∏Ñ‡πà‡∏∞ ‡πÄ‡∏•‡∏∑‡∏≠‡∏Å‡∏ã‡∏∑‡πâ‡∏≠‡∏≠‡∏±‡∏ô‡∏ô‡∏µ‡πâ‡πÑ‡∏°‡πà‡∏ú‡∏¥‡∏î‡∏´‡∏ß‡∏±‡∏á‡∏Ñ‡πà‡∏∞
<ATTRS> ‡∏Ç‡∏≠‡∏á ‡πÄ‡∏£‡πá‡∏ß‡∏°‡∏≤‡∏Å‡∏ä‡∏≠‡∏ö‡∏°‡∏≤‡∏Å <CONT_START> ‡πÑ‡∏î‡πâ‡∏£‡∏±‡∏ö ‡∏Å‡∏£‡∏∞‡∏ó‡∏∞‡∏£‡πâ‡∏≠‡∏ô‡πÄ‡∏£‡πá‡∏ß ‡∏ó‡∏≥‡∏≠‡∏≤‡∏´‡∏≤‡∏£‡πÑ‡∏î‡πâ‡∏´‡∏•‡∏≤‡∏¢‡∏≠‡∏¢‡πà‡∏≤‡∏á‡πÄ‡∏•‡∏¢‡∏Ñ‡πà‡∏∞  <START>,<ATTRS> ‡∏Ç‡∏≠‡∏á ‡πÄ‡∏£‡πá‡∏ß‡∏°‡∏≤‡∏Å‡∏ä‡∏≠‡∏ö‡∏°‡∏≤‡∏Å <CONT_START> ‡πÑ‡∏î‡πâ‡∏£‡∏±‡∏ö ‡∏Å‡∏£‡∏∞‡∏ó‡∏∞‡∏£‡πâ‡∏≠‡∏ô‡πÄ‡∏£‡πá‡∏ß ‡∏ó‡∏≥‡∏≠‡∏≤‡∏´‡∏≤‡∏£‡πÑ‡∏î‡πâ‡∏´‡∏•‡∏≤‡∏¢‡∏≠‡∏¢‡πà‡∏≤‡∏á‡πÄ‡∏•‡∏¢‡∏Ñ‡πà‡∏∞  <START> ‡πÑ‡∏î‡πâ‡∏£‡∏±‡∏ö‡∏Ç‡∏≠‡∏á‡πÄ‡∏£‡πá‡∏ß‡∏°‡∏≤‡∏Å ‡∏Å‡∏£‡∏∞‡∏ó‡∏∞‡∏£‡πâ‡∏≠‡∏ô‡πÄ‡∏£‡πá‡∏ß ‡∏ó‡∏≥‡∏≠‡∏≤‡∏´‡∏≤‡∏£‡πÑ‡∏î‡πâ‡∏´‡∏•‡∏≤‡∏¢‡∏≠‡∏¢‡πà‡∏≤‡∏á‡πÄ‡∏•‡∏¢‡∏Ñ‡πà‡∏∞ ‡∏ä‡∏≠‡∏ö‡∏°‡∏≤‡∏Å
<ATTRS> ‡∏™‡∏¥‡∏ô‡∏Ñ‡πâ‡∏≤ ‡πÉ‡∏ä‡πâ ‡∏î‡∏µ <CONT_START> ‡∏™‡∏µ‡∏™‡∏î‡πÉ‡∏ä‡πâ‡∏à‡∏ô‡∏ñ‡∏∂‡∏á‡∏ó‡∏∏‡∏Å‡∏ß‡∏±‡∏ô‡∏ô‡∏µ‡πâ <START>,<ATTRS> ‡∏™‡∏¥‡∏ô‡∏Ñ‡πâ‡∏≤ ‡πÉ‡∏ä‡πâ ‡∏î‡∏µ <CONT_START> ‡∏™‡∏µ‡∏™‡∏î‡πÉ‡∏ä‡πâ‡∏à‡∏ô‡∏ñ‡∏∂‡∏á‡∏ó‡∏∏‡∏Å‡∏ß‡∏±‡∏ô‡∏ô‡∏µ‡πâ <START> ‡∏™‡∏¥‡∏ô‡∏Ñ‡πâ‡∏≤‡πÉ‡∏ä‡πâ‡∏î‡∏µ‡∏™‡∏µ‡∏™‡∏î‡πÉ‡∏ä‡πâ‡∏à‡∏ô‡∏ñ‡∏∂‡∏á‡∏ó‡∏∏‡∏Å‡∏ß‡∏±‡∏ô‡∏ô‡∏µ‡πâ
<ATTRS>  <CONT_START> ‡∏£‡πâ‡∏≤‡∏ô‡∏ô‡∏µ‡πâ ‡∏Ç‡∏≤‡∏¢‡∏™‡∏¥‡∏ô‡∏Ñ‡πâ‡∏≤‡∏ï‡∏£‡∏á‡∏ï‡∏≤‡∏°‡∏õ‡∏£‡∏∞‡∏Å‡∏≤‡∏® ‡∏™‡πà‡∏á‡∏ï‡∏≤‡∏°‡∏Å‡∏≥‡∏´‡∏ô‡∏î ‡∏™‡∏¥‡∏ô‡∏Ñ‡πâ‡∏≤‡πÉ‡∏ä‡πâ‡∏á‡∏≤‡∏ô‡∏î‡∏µ <START>,<ATTRS>  <CONT_START> ‡∏£‡πâ‡∏≤‡∏ô‡∏ô‡∏µ‡πâ ‡∏Ç‡∏≤‡∏¢‡∏™‡∏¥‡∏ô‡∏Ñ‡πâ‡∏≤‡∏ï‡∏£‡∏á‡∏ï‡∏≤‡∏°‡∏õ‡∏£‡∏∞‡∏Å‡∏≤‡∏® ‡∏™‡πà‡∏á‡∏ï‡∏≤‡∏°‡∏Å‡∏≥‡∏´‡∏ô‡∏î ‡∏™‡∏¥‡∏ô‡∏Ñ‡πâ‡∏≤‡πÉ‡∏ä‡πâ‡∏á‡∏≤‡∏ô‡∏î‡∏µ <START> ‡∏£‡πâ‡∏≤‡∏ô‡∏ô‡∏µ‡πâ ‡∏Ç‡∏≤‡∏¢‡∏™‡∏¥‡∏ô‡∏Ñ‡πâ‡∏≤‡∏ï‡∏£‡∏á‡∏ï‡∏≤‡∏°‡∏õ‡∏£‡∏∞‡∏Å‡∏≤‡∏® ‡∏™‡πà‡∏á‡∏ï‡∏≤‡∏°‡∏Å‡∏≥‡∏´‡∏ô‡∏î ‡∏™‡∏¥‡∏ô‡∏Ñ‡πâ‡∏≤‡πÉ‡∏ä‡πâ‡∏á‡∏≤‡∏ô‡∏î‡∏µ
<ATTRS> ‡πÄ‡∏•‡∏¢‡∏Ñ‡∏£‡∏±‡∏ö ‚ñÅ‡∏†‡∏≤‡∏û ‡∏ä‡∏±‡∏î‡∏ñ‡∏π‡∏Å‡∏Å‡∏ß‡πà‡∏≤ ‡πÉ‡∏ô‡∏´‡πâ‡∏≤‡∏á‡∏î‡∏µ‡∏°‡∏≤‡∏Å‡πÑ‡∏°‡πà‡πÄ‡∏Ñ‡∏¢ ‡∏ú‡∏¥‡∏î‡∏´‡∏ß‡∏±‡∏á <CONT_START> ‡πÄ‡∏¢‡∏≠‡∏∞‡πÄ‡∏•‡∏¢‡∏Ñ‡∏£‡∏±‡∏ö ‡∏†‡∏≤‡∏û‡∏ä‡∏±‡∏î ‡∏™‡∏¥‡∏ô‡∏Ñ‡πâ‡∏≤‡πÉ‡∏´‡∏°‡πà ‡∏û‡∏ô‡∏±‡∏Å‡∏á‡∏≤‡∏ô‡∏ö‡∏£‡∏¥‡∏Å‡∏≤‡∏£ ‡∏™‡∏±‡πà‡∏á‡∏™‡∏¥‡∏ô‡∏Ñ‡πâ‡∏≤‡∏Å‡∏±‡∏ö‡∏•‡∏≤‡∏ã‡∏≤‡∏î‡πâ‡∏≤‡πÄ‡∏•‡∏¢‡∏Ñ‡∏£‡∏±‡∏ö <START>,<ATTRS> ‡πÄ‡∏•‡∏¢‡∏Ñ‡∏£‡∏±‡∏ö ‚ñÅ‡∏†‡∏≤‡∏û ‡∏ä‡∏±‡∏î‡∏ñ‡∏π‡∏Å‡∏Å‡∏ß‡πà‡∏≤ ‡πÉ‡∏ô‡∏´‡πâ‡∏≤‡∏á‡∏î‡∏µ‡∏°‡∏≤‡∏Å‡πÑ‡∏°‡πà‡πÄ‡∏Ñ‡∏¢ ‡∏ú‡∏¥‡∏î‡∏´‡∏ß‡∏±‡∏á <CONT_START> ‡πÄ‡∏¢‡∏≠‡∏∞‡πÄ‡∏•‡∏¢‡∏Ñ‡∏£‡∏±‡∏ö ‡∏†‡∏≤‡∏û‡∏ä‡∏±‡∏î ‡∏™‡∏¥‡∏ô‡∏Ñ‡πâ‡∏≤‡πÉ‡∏´‡∏°‡πà ‡∏û‡∏ô‡∏±‡∏Å‡∏á‡∏≤‡∏ô‡∏ö‡∏£‡∏¥‡∏Å‡∏≤‡∏£ ‡∏™‡∏±‡πà‡∏á‡∏™‡∏¥‡∏ô‡∏Ñ‡πâ‡∏≤‡∏Å‡∏±‡∏ö‡∏•‡∏≤‡∏ã‡∏≤‡∏î‡πâ‡∏≤‡πÄ‡∏•‡∏¢‡∏Ñ‡∏£‡∏±‡∏ö <START> ‡∏ñ‡∏π‡∏Å‡∏Å‡∏ß‡πà‡∏≤‡πÉ‡∏ô‡∏´‡πâ‡∏≤‡∏á‡πÄ‡∏¢‡∏≠‡∏∞‡πÄ‡∏•‡∏¢‡∏Ñ‡∏£‡∏±‡∏ö ‡∏†‡∏≤‡∏û‡∏ä‡∏±‡∏î ‡∏™‡∏¥‡∏ô‡∏Ñ‡πâ‡∏≤‡πÉ‡∏´‡∏°‡πà ‡∏û‡∏ô‡∏±‡∏Å‡∏á‡∏≤‡∏ô‡∏ö‡∏£‡∏¥‡∏Å‡∏≤‡∏£‡∏î‡∏µ‡∏°‡∏≤‡∏Å ‡∏™‡∏±‡πà‡∏á‡∏™‡∏¥‡∏ô‡∏Ñ‡πâ‡∏≤‡∏Å‡∏±‡∏ö‡∏•‡∏≤‡∏ã‡∏≤‡∏î‡πâ‡∏≤‡πÑ‡∏°‡πà‡πÄ‡∏Ñ‡∏¢‡∏ú‡∏¥‡∏î‡∏´‡∏ß‡∏±‡∏á‡πÄ‡∏•‡∏¢‡∏Ñ‡∏£‡∏±‡∏ö
<ATTRS> ‚ñÅ ‡∏û‡∏≠‡πÉ‡∏à <CONT_START> ‡πÅ‡∏£‡∏á‡∏î‡∏µ ‡∏´‡∏ô‡πâ‡∏≤‡∏à‡∏≠‡πÉ‡∏´‡∏ç‡πà ‡∏™‡πà‡∏á‡∏Ç‡∏≠‡∏á‡πÄ‡∏£‡πá‡∏ß ‡∏Ñ‡∏£‡∏±‡∏ö <START>,<ATTRS> ‚ñÅ ‡∏û‡∏≠‡πÉ‡∏à <CONT_START> ‡πÅ‡∏£‡∏á‡∏î‡∏µ ‡∏´‡∏ô‡πâ‡∏≤‡∏à‡∏≠‡πÉ‡∏´‡∏ç‡πà ‡∏™‡πà‡∏á‡∏Ç‡∏≠‡∏á‡πÄ‡∏£‡πá‡∏ß ‡∏Ñ‡∏£‡∏±‡∏ö <START> ‡πÅ‡∏£‡∏á‡∏î‡∏µ ‡∏´‡∏ô‡πâ‡∏≤‡∏à‡∏≠‡πÉ‡∏´‡∏ç‡πà ‡∏™‡πà‡∏á‡∏Ç‡∏≠‡∏á‡πÄ‡∏£‡πá‡∏ß ‡∏û‡∏≠‡πÉ‡∏à‡∏Ñ‡∏£‡∏±‡∏ö
<ATTRS> ‡πÉ‡∏´‡∏ç‡πà‡∏°‡∏≤‡∏Å ‚ñÅ ‡∏Ñ‡∏∏‡∏ì‡∏†‡∏≤‡∏û‡∏î‡∏µ‡∏°‡∏≤‡∏Å‡∏Ñ‡∏∏‡πâ‡∏°‡∏Ñ‡πà‡∏≤ <CONT_START> ‡∏à‡∏≠‡πÉ‡∏´‡∏ç‡πà‡∏°‡∏≤‡∏Å ‡∏Ñ‡∏∏‡∏ì‡∏†‡∏≤‡∏û‡πÄ‡∏™‡∏µ‡∏¢‡∏á ‡∏ä‡∏±‡∏î‡πÄ‡∏à‡∏ô ‡πÇ‡∏î‡∏¢‡∏£‡∏ß‡∏°‡πÅ‡∏•‡πâ‡∏ß‡∏°‡∏≤‡∏Å <START>,<ATTRS> ‡πÉ‡∏´‡∏ç‡πà‡∏°‡∏≤‡∏Å ‚ñÅ ‡∏Ñ‡∏∏‡∏ì‡∏†‡∏≤‡∏û‡∏î‡∏µ‡∏°‡∏≤‡∏Å‡∏Ñ‡∏∏‡πâ‡∏°‡∏Ñ‡πà‡∏≤ <CONT_START> ‡∏à‡∏≠‡πÉ‡∏´‡∏ç‡πà‡∏°‡∏≤‡∏Å ‡∏Ñ‡∏∏‡∏ì‡∏†‡∏≤‡∏û‡πÄ‡∏™‡∏µ‡∏¢‡∏á ‡∏ä‡∏±‡∏î‡πÄ‡∏à‡∏ô ‡πÇ‡∏î‡∏¢‡∏£‡∏ß‡∏°‡πÅ‡∏•‡πâ‡∏ß‡∏°‡∏≤‡∏Å <START> ‡∏à‡∏≠‡πÉ‡∏´‡∏ç‡πà‡∏°‡∏≤‡∏Å ‡∏Ñ‡∏∏‡∏ì‡∏†‡∏≤‡∏û‡πÄ‡∏™‡∏µ‡∏¢‡∏á ‡∏ä‡∏±‡∏î‡πÄ‡∏à‡∏ô‡∏î‡∏µ‡∏°‡∏≤‡∏Å ‡πÇ‡∏î‡∏¢‡∏£‡∏ß‡∏°‡πÅ‡∏•‡πâ‡∏ß‡∏Ñ‡∏∏‡πâ‡∏°‡∏Ñ‡πà‡∏≤‡∏°‡∏≤‡∏Å
<ATTRS> ‡∏û‡∏Å‡∏û‡∏≤‡∏™‡∏∞‡∏î‡∏ß‡∏Å‡∏Ç‡∏≠‡∏á ‡πÄ‡∏£‡πá‡∏ß <CONT_START>  ‡πÑ‡∏î‡πâ <START>,<ATTRS> ‡∏û‡∏Å‡∏û‡∏≤‡∏™‡∏∞‡∏î‡∏ß‡∏Å‡∏Ç‡∏≠‡∏á ‡πÄ‡∏£‡πá‡∏ß <CONT_START>  ‡πÑ‡∏î‡πâ <START> ‡∏û‡∏Å‡∏û‡∏≤‡∏™‡∏∞‡∏î‡∏ß‡∏Å ‡πÑ‡∏î‡πâ‡∏Ç‡∏≠‡∏á‡πÄ‡∏£‡πá‡∏ß
<ATTRS> ‡πÄ‡∏¢‡∏µ‡πà‡∏¢‡∏° <CONT_START> ‡πÇ‡∏≠‡πÄ‡∏Ñ‡∏°‡∏≤‡∏Å ‡πÄ‡∏õ‡πá‡∏ô‡∏≠‡∏¢‡πà‡∏≤‡∏á‡∏ó‡∏µ‡πà‡∏Ñ‡∏≤‡∏î‡∏´‡∏ß‡∏±‡∏á‡πÑ‡∏ß‡πâ  <START>,<ATTRS> ‡πÄ‡∏¢‡∏µ‡πà‡∏¢‡∏° <CONT_START> ‡πÇ‡∏≠‡πÄ‡∏Ñ‡∏°‡∏≤‡∏Å ‡πÄ‡∏õ‡πá‡∏ô‡∏≠‡∏¢‡πà‡∏≤‡∏á‡∏ó‡∏µ‡πà‡∏Ñ‡∏≤‡∏î‡∏´‡∏ß‡∏±‡∏á‡πÑ‡∏ß‡πâ  <START> ‡πÇ‡∏≠‡πÄ‡∏Ñ‡∏°‡∏≤‡∏Å ‡πÄ‡∏õ‡πá‡∏ô‡∏≠‡∏¢‡πà‡∏≤‡∏á‡∏ó‡∏µ‡πà‡∏Ñ‡∏≤‡∏î‡∏´‡∏ß‡∏±‡∏á‡πÑ‡∏ß‡πâ ‡πÄ‡∏¢‡∏µ‡πà‡∏¢‡∏°
<ATTRS>  <CONT_START> ‡πÑ‡∏î‡πâ‡∏™‡∏¥‡∏ô‡∏Ñ‡πâ‡∏≤‡∏†‡∏≤‡∏¢‡πÉ‡∏ô‡∏™‡∏≠‡∏á‡∏ß‡∏±‡∏ô OK ‡∏ô‡∏∞‡∏Ñ‡∏£‡∏±‡∏ö ‡∏™‡∏°‡∏£‡∏≤‡∏Ñ‡∏≤ ‡πÉ‡∏ä‡πâ‡∏á‡∏≤‡∏ô‡πÑ‡∏î‡πâ‡∏õ‡∏Å‡∏ï‡∏¥ <START>,<ATTRS>  <CONT_START> ‡πÑ‡∏î‡πâ‡∏™‡∏¥‡∏ô‡∏Ñ‡πâ‡∏≤‡∏†‡∏≤‡∏¢‡πÉ‡∏ô‡∏™‡∏≠‡∏á‡∏ß‡∏±‡∏ô OK ‡∏ô‡∏∞‡∏Ñ‡∏£‡∏±‡∏ö ‡∏™‡∏°‡∏£‡∏≤‡∏Ñ‡∏≤ ‡πÉ‡∏ä‡πâ‡∏á‡∏≤‡∏ô‡πÑ‡∏î‡πâ‡∏õ‡∏Å‡∏ï‡∏¥ <START> ‡πÑ‡∏î‡πâ‡∏™‡∏¥‡∏ô‡∏Ñ‡πâ‡∏≤‡∏†‡∏≤‡∏¢‡πÉ‡∏ô‡∏™‡∏≠‡∏á‡∏ß‡∏±‡∏ô OK ‡∏ô‡∏∞‡∏Ñ‡∏£‡∏±‡∏ö ‡∏™‡∏°‡∏£‡∏≤‡∏Ñ‡∏≤ ‡πÉ‡∏ä‡πâ‡∏á‡∏≤‡∏ô‡πÑ‡∏î‡πâ‡∏õ‡∏Å‡∏ï‡∏¥
<ATTRS> ‡∏î‡∏µ‡∏°‡∏≤‡∏Å‡πÜ‡πÑ‡∏î‡πâ‡πÄ‡∏£‡πá‡∏ß‚ñÅ ‡∏£‡∏≤‡∏Ñ‡∏≤‡∏ñ‡∏π‡∏Å‡∏î‡∏µ‡∏Ñ‡∏∞ <CONT_START> ‡πÜ‡∏Ñ‡∏∞  ‡πÅ‡∏û‡πä‡∏Ñ‡∏î‡∏µ ‡∏™‡∏¥‡∏ô‡∏Ñ‡πâ‡∏≤‡∏™‡∏†‡∏≤‡∏û‡∏î‡∏µ  ‡πÑ‡∏°‡πà‡∏ï‡πâ‡∏≠‡∏á‡πÑ‡∏õ‡πÄ‡∏î‡∏¥‡∏ô‡∏ä‡πä‡∏≠‡∏õ‡πÄ‡∏≠‡∏á  <START>,<ATTRS> ‡∏î‡∏µ‡∏°‡∏≤‡∏Å‡πÜ‡πÑ‡∏î‡πâ‡πÄ‡∏£‡πá‡∏ß‚ñÅ ‡∏£‡∏≤‡∏Ñ‡∏≤‡∏ñ‡∏π‡∏Å‡∏î‡∏µ‡∏Ñ‡∏∞ <CONT_START> ‡πÜ‡∏Ñ‡∏∞  ‡πÅ‡∏û‡πä‡∏Ñ‡∏î‡∏µ ‡∏™‡∏¥‡∏ô‡∏Ñ‡πâ‡∏≤‡∏™‡∏†‡∏≤‡∏û‡∏î‡∏µ  ‡πÑ‡∏°‡πà‡∏ï‡πâ‡∏≠‡∏á‡πÑ‡∏õ‡πÄ‡∏î‡∏¥‡∏ô‡∏ä‡πä‡∏≠‡∏õ‡πÄ‡∏≠‡∏á  <START> ‡∏î‡∏µ‡∏°‡∏≤‡∏Å‡πÜ‡πÜ‡∏Ñ‡∏∞ ‡πÑ‡∏î‡πâ‡πÄ‡∏£‡πá‡∏ß ‡πÅ‡∏û‡πä‡∏Ñ‡∏î‡∏µ ‡∏™‡∏¥‡∏ô‡∏Ñ‡πâ‡∏≤‡∏™‡∏†‡∏≤‡∏û‡∏î‡∏µ ‡∏£‡∏≤‡∏Ñ‡∏≤‡∏ñ‡∏π‡∏Å ‡πÑ‡∏°‡πà‡∏ï‡πâ‡∏≠‡∏á‡πÑ‡∏õ‡πÄ‡∏î‡∏¥‡∏ô‡∏ä‡πä‡∏≠‡∏õ‡πÄ‡∏≠‡∏á ‡∏î‡∏µ‡∏Ñ‡∏∞
<ATTRS> ‡∏£‡∏ß‡∏î‡πÄ‡∏£‡πá‡∏ß‡πÇ‡∏î‡∏¢‡∏£‡∏ß‡∏° ‡πÉ‡∏´‡πâ‡∏Ñ‡∏∞‡πÅ‡∏ô‡∏ô <CONT_START> ‡∏™‡πà‡∏á‡∏Ç‡∏≠‡∏á‡∏°‡∏≤‡∏Å ‡∏™‡∏¥‡∏ô‡∏Ñ‡πâ‡∏≤‡πÉ‡∏´‡∏°‡πà‡∏î‡πâ‡∏ß‡∏¢ ‡πÄ‡∏ï‡πá‡∏°‡∏Ñ‡∏£‡∏±‡∏ö <START>,<ATTRS> ‡∏£‡∏ß‡∏î‡πÄ‡∏£‡πá‡∏ß‡πÇ‡∏î‡∏¢‡∏£‡∏ß‡∏° ‡πÉ‡∏´‡πâ‡∏Ñ‡∏∞‡πÅ‡∏ô‡∏ô <CONT_START> ‡∏™‡πà‡∏á‡∏Ç‡∏≠‡∏á‡∏°‡∏≤‡∏Å ‡∏™‡∏¥‡∏ô‡∏Ñ‡πâ‡∏≤‡πÉ‡∏´‡∏°‡πà‡∏î‡πâ‡∏ß‡∏¢ ‡πÄ‡∏ï‡πá‡∏°‡∏Ñ‡∏£‡∏±‡∏ö <START> ‡∏™‡πà‡∏á‡∏Ç‡∏≠‡∏á‡∏£‡∏ß‡∏î‡πÄ‡∏£‡πá‡∏ß‡∏°‡∏≤‡∏Å ‡∏™‡∏¥‡∏ô‡∏Ñ‡πâ‡∏≤‡πÉ‡∏´‡∏°‡πà‡∏î‡πâ‡∏ß‡∏¢ ‡πÇ‡∏î‡∏¢‡∏£‡∏ß‡∏°‡πÉ‡∏´‡πâ‡∏Ñ‡∏∞‡πÅ‡∏ô‡∏ô‡πÄ‡∏ï‡πá‡∏°‡∏Ñ‡∏£‡∏±‡∏ö
<ATTRS> ‡∏™‡πà‡∏á ‡πÄ‡∏£‡πá‡∏ß‡∏ï‡πâ‡∏≠‡∏á‡∏Å‡∏≤‡∏£ <CONT_START> ‡∏ó‡∏±‡∏ô‡πÉ‡∏ä‡πâ‡∏ï‡∏≤‡∏°‡∏Ñ‡∏ß‡∏≤‡∏° <START>,<ATTRS> ‡∏™‡πà‡∏á ‡πÄ‡∏£‡πá‡∏ß‡∏ï‡πâ‡∏≠‡∏á‡∏Å‡∏≤‡∏£ <CONT_START> ‡∏ó‡∏±‡∏ô‡πÉ‡∏ä‡πâ‡∏ï‡∏≤‡∏°‡∏Ñ‡∏ß‡∏≤‡∏° <START> ‡∏™‡πà‡∏á‡πÄ‡∏£‡πá‡∏ß‡∏ó‡∏±‡∏ô‡πÉ‡∏ä‡πâ‡∏ï‡∏≤‡∏°‡∏Ñ‡∏ß‡∏≤‡∏°‡∏ï‡πâ‡∏≠‡∏á‡∏Å‡∏≤‡∏£
<ATTRS> ‡πÄ‡∏ô‡∏∑‡πâ‡∏≠‡∏ú‡πâ‡∏≤ ‡∏î‡∏µ‡∏Ñ‡∏∏‡∏ì‡∏†‡∏≤‡∏û ‡∏™‡∏°‡∏Å‡∏±‡∏ö ‡∏£‡∏≤‡∏Ñ‡∏≤ <CONT_START> ‡πÅ‡∏ï‡πà‡πÑ‡∏°‡πà‡∏´‡∏ô‡∏≤ ‡πÄ‡∏ã‡πá‡∏Å‡∏ã‡∏µ‡πà‡∏î‡∏µ‡πÅ‡∏ï‡πà‡πÑ‡∏°‡πà‡πÇ‡∏õ‡πä‡∏∞  <START>,<ATTRS> ‡πÄ‡∏ô‡∏∑‡πâ‡∏≠‡∏ú‡πâ‡∏≤ ‡∏î‡∏µ‡∏Ñ‡∏∏‡∏ì‡∏†‡∏≤‡∏û ‡∏™‡∏°‡∏Å‡∏±‡∏ö ‡∏£‡∏≤‡∏Ñ‡∏≤ <CONT_START> ‡πÅ‡∏ï‡πà‡πÑ‡∏°‡πà‡∏´‡∏ô‡∏≤ ‡πÄ‡∏ã‡πá‡∏Å‡∏ã‡∏µ‡πà‡∏î‡∏µ‡πÅ‡∏ï‡πà‡πÑ‡∏°‡πà‡πÇ‡∏õ‡πä‡∏∞  <START> ‡πÄ‡∏ô‡∏∑‡πâ‡∏≠‡∏ú‡πâ‡∏≤‡∏î‡∏µ‡πÅ‡∏ï‡πà‡πÑ‡∏°‡πà‡∏´‡∏ô‡∏≤ ‡πÄ‡∏ã‡πá‡∏Å‡∏ã‡∏µ‡πà‡∏î‡∏µ‡πÅ‡∏ï‡πà‡πÑ‡∏°‡πà‡πÇ‡∏õ‡πä‡∏∞ ‡∏Ñ‡∏∏‡∏ì‡∏†‡∏≤‡∏û‡∏™‡∏°‡∏Å‡∏±‡∏ö‡∏£‡∏≤‡∏Ñ‡∏≤
<ATTRS> ‡∏á‡πà‡∏≤‡∏¢ <CONT_START> ‡∏î‡∏µ‡πÑ‡∏°‡πà‡∏ï‡πâ‡∏≠‡∏á‡∏´‡∏≤‡∏ã‡∏∑‡πâ‡∏≠‡πÉ‡∏´‡πâ‡∏¢‡∏∏‡πà‡∏á‡∏¢‡∏≤‡∏Å <START>,<ATTRS> ‡∏á‡πà‡∏≤‡∏¢ <CONT_START> ‡∏î‡∏µ‡πÑ‡∏°‡πà‡∏ï‡πâ‡∏≠‡∏á‡∏´‡∏≤‡∏ã‡∏∑‡πâ‡∏≠‡πÉ‡∏´‡πâ‡∏¢‡∏∏‡πà‡∏á‡∏¢‡∏≤‡∏Å <START> ‡∏á‡πà‡∏≤‡∏¢‡∏î‡∏µ‡πÑ‡∏°‡πà‡∏ï‡πâ‡∏≠‡∏á‡∏´‡∏≤‡∏ã‡∏∑‡πâ‡∏≠‡πÉ‡∏´‡πâ‡∏¢‡∏∏‡πà‡∏á‡∏¢‡∏≤‡∏Å
<ATTRS> ‚ñÅ‡∏™‡∏ß‡∏¢‡πÉ‡∏ä‡πâ‡∏á‡∏≤‡∏ô‡∏á‡πà‡∏≤‡∏¢‡∏™‡πà‡∏á ‡πÄ‡∏£‡πá‡∏ß‡∏°‡∏≤‡∏Å <CONT_START> ‡∏°‡∏≤‡∏°‡∏≤‡∏Å‡∏ó‡∏µ‡πà‡∏™‡∏≥‡∏Ñ‡∏±‡∏ç <START>,<ATTRS> ‚ñÅ‡∏™‡∏ß‡∏¢‡πÉ‡∏ä‡πâ‡∏á‡∏≤‡∏ô‡∏á‡πà‡∏≤‡∏¢‡∏™‡πà‡∏á ‡πÄ‡∏£‡πá‡∏ß‡∏°‡∏≤‡∏Å <CONT_START> ‡∏°‡∏≤‡∏°‡∏≤‡∏Å‡∏ó‡∏µ‡πà‡∏™‡∏≥‡∏Ñ‡∏±‡∏ç <START> ‡∏™‡∏ß‡∏¢‡∏°‡∏≤‡πÉ‡∏ä‡πâ‡∏á‡∏≤‡∏ô‡∏á‡πà‡∏≤‡∏¢‡∏°‡∏≤‡∏Å‡∏ó‡∏µ‡πà‡∏™‡∏≥‡∏Ñ‡∏±‡∏ç‡∏™‡πà‡∏á‡πÄ‡∏£‡πá‡∏ß‡∏°‡∏≤‡∏Å
<ATTRS> ‚ñÅ‡πÄ‡∏™‡∏µ‡∏¢‡∏á ‡∏î‡∏µ‡∏™‡πà‡∏á ‡πÄ‡∏£‡πá‡∏ß‡∏Ñ‡∏∏‡πâ‡∏° <CONT_START>   ‡∏£‡∏≤‡∏Ñ‡∏≤‡∏ô‡∏µ‡πâ‡∏Ñ‡∏£‡∏±‡∏ö <START>,<ATTRS> ‚ñÅ‡πÄ‡∏™‡∏µ‡∏¢‡∏á ‡∏î‡∏µ‡∏™‡πà‡∏á ‡πÄ‡∏£‡πá‡∏ß‡∏Ñ‡∏∏‡πâ‡∏° <CONT_START>   ‡∏£‡∏≤‡∏Ñ‡∏≤‡∏ô‡∏µ‡πâ‡∏Ñ‡∏£‡∏±‡∏ö <START> ‡πÄ‡∏™‡∏µ‡∏¢‡∏á‡∏î‡∏µ ‡∏™‡πà‡∏á‡πÄ‡∏£‡πá‡∏ß ‡∏£‡∏≤‡∏Ñ‡∏≤‡∏ô‡∏µ‡πâ‡∏Ñ‡∏∏‡πâ‡∏°‡∏Ñ‡∏£‡∏±‡∏ö
<ATTRS> ‡∏î‡∏µ ‡∏¢‡∏±‡∏á‡πÑ‡∏°‡πà‡∏°‡∏µ ‡∏õ‡∏±‡∏ç‡∏´‡∏≤‡∏≠‡∏∞‡πÑ‡∏£‡∏ä‡∏≠‡∏ö‡∏°‡∏≤‡∏Å <CONT_START> ‡πÉ‡∏ä‡πâ‡∏Ñ‡πà‡∏∞ <START>,<ATTRS> ‡∏î‡∏µ ‡∏¢‡∏±‡∏á‡πÑ‡∏°‡πà‡∏°‡∏µ ‡∏õ‡∏±‡∏ç‡∏´‡∏≤‡∏≠‡∏∞‡πÑ‡∏£‡∏ä‡∏≠‡∏ö‡∏°‡∏≤‡∏Å <CONT_START> ‡πÉ‡∏ä‡πâ‡∏Ñ‡πà‡∏∞ <START> ‡πÉ‡∏ä‡πâ‡∏î‡∏µ‡∏¢‡∏±‡∏á‡πÑ‡∏°‡πà‡∏°‡∏µ‡∏õ‡∏±‡∏ç‡∏´‡∏≤‡∏≠‡∏∞‡πÑ‡∏£‡∏Ñ‡πà‡∏∞‡∏ä‡∏≠‡∏ö‡∏°‡∏≤‡∏Å
<ATTRS> ‡∏ñ‡∏∑‡∏≠‡∏ß‡πà‡∏≤ ‡πÇ‡∏≠‡πÄ‡∏Ñ‚ñÅ ‡πÑ‡∏´‡∏• ‡∏•‡∏∑‡πà‡∏ô‡πÑ‡∏°‡πà‡∏°‡∏µ ‡∏™‡∏î ‡∏∏‡∏î‡∏Ñ‡∏∏‡πâ‡∏°‡∏Ñ‡πà‡∏≤‡∏°‡∏≤‡∏Å‡πÜ‡πÄ‡∏•‡∏¢ <CONT_START> ‡∏™‡πÄ‡∏õ‡πá‡∏Ñ‡∏£‡πÄ‡∏•‡∏¢‡∏Ñ‡∏±‡∏ö ‡∏î‡∏µ ‡∏™‡∏°‡∏Å‡∏±‡∏ö‡∏£‡∏≤‡∏Ñ‡∏≤ ‡πÅ‡∏•‡∏∞ <START>,<ATTRS> ‡∏ñ‡∏∑‡∏≠‡∏ß‡πà‡∏≤ ‡πÇ‡∏≠‡πÄ‡∏Ñ‚ñÅ ‡πÑ‡∏´‡∏• ‡∏•‡∏∑‡πà‡∏ô‡πÑ‡∏°‡πà‡∏°‡∏µ ‡∏™‡∏î ‡∏∏‡∏î‡∏Ñ‡∏∏‡πâ‡∏°‡∏Ñ‡πà‡∏≤‡∏°‡∏≤‡∏Å‡πÜ‡πÄ‡∏•‡∏¢ <CONT_START> ‡∏™‡πÄ‡∏õ‡πá‡∏Ñ‡∏£‡πÄ‡∏•‡∏¢‡∏Ñ‡∏±‡∏ö ‡∏î‡∏µ ‡∏™‡∏°‡∏Å‡∏±‡∏ö‡∏£‡∏≤‡∏Ñ‡∏≤ ‡πÅ‡∏•‡∏∞ <START> ‡∏™‡πÄ‡∏õ‡πá‡∏Ñ‡∏ñ‡∏∑‡∏≠‡∏ß‡πà‡∏≤‡πÇ‡∏≠‡πÄ‡∏Ñ‡∏£‡πÄ‡∏•‡∏¢‡∏Ñ‡∏±‡∏ö ‡πÑ‡∏´‡∏•‡∏•‡∏∑‡πà‡∏ô‡∏î‡∏µ‡πÑ‡∏°‡πà‡∏°‡∏µ‡∏™‡∏î‡∏∏‡∏î ‡∏™‡∏°‡∏Å‡∏±‡∏ö‡∏£‡∏≤‡∏Ñ‡∏≤ ‡πÅ‡∏•‡∏∞‡∏Ñ‡∏∏‡πâ‡∏°‡∏Ñ‡πà‡∏≤‡∏°‡∏≤‡∏Å‡πÜ‡πÄ‡∏•‡∏¢
<ATTRS> ‡∏™‡πà‡∏á‡∏Ç‡∏≠‡∏á ‡πÑ‡∏ß‡∏ß‡∏±‡∏™‡∏î‡∏∏ ‡∏Ñ‡∏∏‡∏ì‡∏†‡∏≤‡∏û <CONT_START> ‡πÉ‡∏ä‡πâ‡∏î‡∏µ ‡∏°‡∏≤‡∏Å‡πÄ‡∏à‡πâ‡∏≤‡∏ô‡∏µ‡πâ ‡∏à‡∏£‡∏¥‡∏á‡∏à‡∏£‡∏¥‡∏á <START>,<ATTRS> ‡∏™‡πà‡∏á‡∏Ç‡∏≠‡∏á ‡πÑ‡∏ß‡∏ß‡∏±‡∏™‡∏î‡∏∏ ‡∏Ñ‡∏∏‡∏ì‡∏†‡∏≤‡∏û <CONT_START> ‡πÉ‡∏ä‡πâ‡∏î‡∏µ ‡∏°‡∏≤‡∏Å‡πÄ‡∏à‡πâ‡∏≤‡∏ô‡∏µ‡πâ ‡∏à‡∏£‡∏¥‡∏á‡∏à‡∏£‡∏¥‡∏á <START> ‡πÉ‡∏ä‡πâ‡∏î‡∏µ‡∏™‡πà‡∏á‡∏Ç‡∏≠‡∏á‡πÑ‡∏ß ‡∏°‡∏≤‡∏Å‡πÄ‡∏à‡πâ‡∏≤‡∏ô‡∏µ‡πâ  ‡∏ß‡∏±‡∏™‡∏î‡∏∏‡∏Ñ‡∏∏‡∏ì‡∏†‡∏≤‡∏û‡∏à‡∏£‡∏¥‡∏á‡∏à‡∏£‡∏¥‡∏á
<ATTRS> ‡∏î‡∏µ‡∏Ñ‡πà‡∏∞‡∏™‡πà‡∏á ‡πÄ‡∏£‡πá‡∏ß‚ò∫ <CONT_START> ‡πÅ‡∏û‡∏Ñ‡∏Ç‡∏≠‡∏á‡πÄ‡∏£‡∏µ‡∏¢‡∏ö‡∏£‡πâ‡∏≠‡∏¢  ‡πÑ‡∏ß‡πâ‡∏à‡∏∞‡∏™‡∏±‡πà‡∏á‡∏≠‡∏µ‡∏Å‡∏ô‡∏∞‡∏Ñ‡∏∞ <START>,<ATTRS> ‡∏î‡∏µ‡∏Ñ‡πà‡∏∞‡∏™‡πà‡∏á ‡πÄ‡∏£‡πá‡∏ß‚ò∫ <CONT_START> ‡πÅ‡∏û‡∏Ñ‡∏Ç‡∏≠‡∏á‡πÄ‡∏£‡∏µ‡∏¢‡∏ö‡∏£‡πâ‡∏≠‡∏¢  ‡πÑ‡∏ß‡πâ‡∏à‡∏∞‡∏™‡∏±‡πà‡∏á‡∏≠‡∏µ‡∏Å‡∏ô‡∏∞‡∏Ñ‡∏∞ <START> ‡πÅ‡∏û‡∏Ñ‡∏Ç‡∏≠‡∏á‡πÄ‡∏£‡∏µ‡∏¢‡∏ö‡∏£‡πâ‡∏≠‡∏¢‡∏î‡∏µ‡∏Ñ‡πà‡∏∞ ‡∏™‡πà‡∏á‡πÄ‡∏£‡πá‡∏ß ‡πÑ‡∏ß‡πâ‡∏à‡∏∞‡∏™‡∏±‡πà‡∏á‡∏≠‡∏µ‡∏Å‡∏ô‡∏∞‡∏Ñ‡∏∞‚ò∫
<ATTRS> ‡∏ú‡πâ‡∏≤ ‡∏ô‡∏¥‡πà‡∏°‚ñÅ‡∏ä‡∏≠‡∏ö <CONT_START>  ‡πÄ‡∏î‡πâ‡∏á‡πÜ ‡∏î‡∏µ‡∏Å‡∏ß‡πà‡∏≤‡∏ó‡∏µ‡πà‡∏Ñ‡∏¥‡∏î‡πÑ‡∏ß‡πâ ‡∏Ñ‡∏∞ <START>,<ATTRS> ‡∏ú‡πâ‡∏≤ ‡∏ô‡∏¥‡πà‡∏°‚ñÅ‡∏ä‡∏≠‡∏ö <CONT_START>  ‡πÄ‡∏î‡πâ‡∏á‡πÜ ‡∏î‡∏µ‡∏Å‡∏ß‡πà‡∏≤‡∏ó‡∏µ‡πà‡∏Ñ‡∏¥‡∏î‡πÑ‡∏ß‡πâ ‡∏Ñ‡∏∞ <START> ‡∏ú‡πâ‡∏≤‡∏ô‡∏¥‡πà‡∏° ‡πÄ‡∏î‡πâ‡∏á‡πÜ ‡∏î‡∏µ‡∏Å‡∏ß‡πà‡∏≤‡∏ó‡∏µ‡πà‡∏Ñ‡∏¥‡∏î‡πÑ‡∏ß‡πâ ‡∏ä‡∏≠‡∏ö‡∏Ñ‡∏∞
<ATTRS> ‡∏ú‡πâ‡∏≤ ‡πÉ‡∏™‡πà‡∏™‡∏ö‡∏≤‡∏¢ <CONT_START> ‡πÇ‡∏≠‡πÄ‡∏Ñ‡∏£‡∏Ñ‡πà‡∏∞‡πÑ‡∏î‡πâ‡∏™‡∏¥‡∏ô‡∏Ñ‡πâ‡∏≤‡∏ï‡∏≤‡∏°‡∏£‡∏π‡∏õ <START>,<ATTRS> ‡∏ú‡πâ‡∏≤ ‡πÉ‡∏™‡πà‡∏™‡∏ö‡∏≤‡∏¢ <CONT_START> ‡πÇ‡∏≠‡πÄ‡∏Ñ‡∏£‡∏Ñ‡πà‡∏∞‡πÑ‡∏î‡πâ‡∏™‡∏¥‡∏ô‡∏Ñ‡πâ‡∏≤‡∏ï‡∏≤‡∏°‡∏£‡∏π‡∏õ <START> ‡πÇ‡∏≠‡πÄ‡∏Ñ‡∏£‡∏Ñ‡πà‡∏∞‡πÑ‡∏î‡πâ‡∏™‡∏¥‡∏ô‡∏Ñ‡πâ‡∏≤‡∏ï‡∏≤‡∏°‡∏£‡∏π‡∏õ‡∏ú‡πâ‡∏≤‡πÉ‡∏™‡πà‡∏™‡∏ö‡∏≤‡∏¢
<ATTRS> ‡∏™‡∏ß‡∏¢‡∏ñ‡∏π‡∏Å‡πÉ‡∏à‡∏™‡πà‡∏á ‡πÄ‡∏£‡πá‡∏ß <CONT_START> ‡πÄ‡∏™‡∏∑‡πâ‡∏≠‡∏Ñ‡πà‡∏∞‡∏ó‡∏±‡∏ô‡πÉ‡∏à‡∏î‡∏µ <START>,<ATTRS> ‡∏™‡∏ß‡∏¢‡∏ñ‡∏π‡∏Å‡πÉ‡∏à‡∏™‡πà‡∏á ‡πÄ‡∏£‡πá‡∏ß <CONT_START> ‡πÄ‡∏™‡∏∑‡πâ‡∏≠‡∏Ñ‡πà‡∏∞‡∏ó‡∏±‡∏ô‡πÉ‡∏à‡∏î‡∏µ <START> ‡πÄ‡∏™‡∏∑‡πâ‡∏≠‡∏™‡∏ß‡∏¢‡∏ñ‡∏π‡∏Å‡πÉ‡∏à‡∏Ñ‡πà‡∏∞‡∏™‡πà‡∏á‡πÄ‡∏£‡πá‡∏ß‡∏ó‡∏±‡∏ô‡πÉ‡∏à‡∏î‡∏µ
<ATTRS> ‡∏Ñ‡∏∏‡∏ì‡∏†‡∏≤‡∏û ‡πÄ‡∏´‡∏°‡∏≤‡∏∞‡∏™‡∏°‡∏Å‡∏±‡∏ö ‡∏£‡∏≤‡∏Ñ‡∏≤‡∏à‡∏±‡∏î‡∏™‡πà‡∏á ‡πÄ‡∏£‡πá‡∏ß <CONT_START>  ‡πÉ‡∏ä‡πâ‡∏á‡∏≤‡∏ôOK ‡∏ï‡πà‡∏≠‡∏î‡∏π‡∏†‡∏≤‡∏û‡∏à‡∏≤‡∏Å‡∏Ñ‡∏≠‡∏°‡∏ä‡∏±‡∏î‡∏°‡∏≤‡∏Å ‡∏î‡∏µ <START>,<ATTRS> ‡∏Ñ‡∏∏‡∏ì‡∏†‡∏≤‡∏û ‡πÄ‡∏´‡∏°‡∏≤‡∏∞‡∏™‡∏°‡∏Å‡∏±‡∏ö ‡∏£‡∏≤‡∏Ñ‡∏≤‡∏à‡∏±‡∏î‡∏™‡πà‡∏á ‡πÄ‡∏£‡πá‡∏ß <CONT_START>  ‡πÉ‡∏ä‡πâ‡∏á‡∏≤‡∏ôOK ‡∏ï‡πà‡∏≠‡∏î‡∏π‡∏†‡∏≤‡∏û‡∏à‡∏≤‡∏Å‡∏Ñ‡∏≠‡∏°‡∏ä‡∏±‡∏î‡∏°‡∏≤‡∏Å ‡∏î‡∏µ <START> ‡∏Ñ‡∏∏‡∏ì‡∏†‡∏≤‡∏û‡πÄ‡∏´‡∏°‡∏≤‡∏∞‡∏™‡∏°‡∏Å‡∏±‡∏ö‡∏£‡∏≤‡∏Ñ‡∏≤ ‡πÉ‡∏ä‡πâ‡∏á‡∏≤‡∏ôOK ‡∏ï‡πà‡∏≠‡∏î‡∏π‡∏†‡∏≤‡∏û‡∏à‡∏≤‡∏Å‡∏Ñ‡∏≠‡∏°‡∏ä‡∏±‡∏î‡∏°‡∏≤‡∏Å ‡∏à‡∏±‡∏î‡∏™‡πà‡∏á‡πÄ‡∏£‡πá‡∏ß‡∏î‡∏µ
<ATTRS> ‡∏î‡∏µ‡∏°‡∏≤‡∏Å‡πÜ‡πÑ‡∏°‡πà‡∏ú‡∏¥‡∏î‡∏´‡∏ß‡∏±‡∏á <CONT_START> ‡πÄ‡∏ô‡∏∑‡πâ‡∏≠‡∏ú‡πâ‡∏≤‡πÜ‡πÜ‡πÜ‡πÄ‡∏Å‡∏¥‡∏ô‡∏£‡∏≤‡∏Ñ‡∏≤ ‡∏Å‡∏≥‡∏•‡∏±‡∏á‡∏à‡∏∞‡∏™‡∏±‡πà‡∏á‡πÄ‡∏û‡∏¥‡πà‡∏°‡∏≠‡∏µ‡∏Å ‡∏ä‡πâ‡∏≤‡∏´‡∏ô‡πà‡∏≠‡∏¢‡πÅ‡∏ï‡πà‡πÑ‡∏î‡πâ‡∏°‡∏≤‡πÄ‡∏•‡∏¢‡∏Ñ‡πà‡∏∞ <START>,<ATTRS> ‡∏î‡∏µ‡∏°‡∏≤‡∏Å‡πÜ‡πÑ‡∏°‡πà‡∏ú‡∏¥‡∏î‡∏´‡∏ß‡∏±‡∏á <CONT_START> ‡πÄ‡∏ô‡∏∑‡πâ‡∏≠‡∏ú‡πâ‡∏≤‡πÜ‡πÜ‡πÜ‡πÄ‡∏Å‡∏¥‡∏ô‡∏£‡∏≤‡∏Ñ‡∏≤ ‡∏Å‡∏≥‡∏•‡∏±‡∏á‡∏à‡∏∞‡∏™‡∏±‡πà‡∏á‡πÄ‡∏û‡∏¥‡πà‡∏°‡∏≠‡∏µ‡∏Å ‡∏ä‡πâ‡∏≤‡∏´‡∏ô‡πà‡∏≠‡∏¢‡πÅ‡∏ï‡πà‡πÑ‡∏î‡πâ‡∏°‡∏≤‡πÄ‡∏•‡∏¢‡∏Ñ‡πà‡∏∞ <START> ‡πÄ‡∏ô‡∏∑‡πâ‡∏≠‡∏ú‡πâ‡∏≤‡∏î‡∏µ‡∏°‡∏≤‡∏Å‡πÜ‡πÜ‡πÜ‡πÜ‡πÄ‡∏Å‡∏¥‡∏ô‡∏£‡∏≤‡∏Ñ‡∏≤ ‡∏Å‡∏≥‡∏•‡∏±‡∏á‡∏à‡∏∞‡∏™‡∏±‡πà‡∏á‡πÄ‡∏û‡∏¥‡πà‡∏°‡∏≠‡∏µ‡∏Å ‡∏ä‡πâ‡∏≤‡∏´‡∏ô‡πà‡∏≠‡∏¢‡πÅ‡∏ï‡πà‡πÑ‡∏î‡πâ‡∏°‡∏≤‡πÑ‡∏°‡πà‡∏ú‡∏¥‡∏î‡∏´‡∏ß‡∏±‡∏á‡πÄ‡∏•‡∏¢‡∏Ñ‡πà‡∏∞
<ATTRS> ‚ñÅ ‡∏£‡∏≤‡∏Ñ‡∏≤‡πÑ‡∏°‡πà‡πÅ‡∏û‡∏á‡∏û‡∏≠‡πÉ‡∏à ‡∏°‡∏≤‡∏Å <CONT_START> ‡πÉ‡∏ä‡πâ‡∏î‡∏µ ‡πÄ‡∏Å‡∏¥‡∏ô‡∏Ñ‡πà‡∏∞  <START>,<ATTRS> ‚ñÅ ‡∏£‡∏≤‡∏Ñ‡∏≤‡πÑ‡∏°‡πà‡πÅ‡∏û‡∏á‡∏û‡∏≠‡πÉ‡∏à ‡∏°‡∏≤‡∏Å <CONT_START> ‡πÉ‡∏ä‡πâ‡∏î‡∏µ ‡πÄ‡∏Å‡∏¥‡∏ô‡∏Ñ‡πà‡∏∞  <START> ‡πÉ‡∏ä‡πâ‡∏î‡∏µ ‡∏£‡∏≤‡∏Ñ‡∏≤‡πÑ‡∏°‡πà‡πÅ‡∏û‡∏á‡πÄ‡∏Å‡∏¥‡∏ô‡∏Ñ‡πà‡∏∞ ‡∏û‡∏≠‡πÉ‡∏à‡∏°‡∏≤‡∏Å
<ATTRS> ‡πÑ‡∏°‡πà ‡πÄ‡∏´‡∏µ‡πà‡∏¢‡∏ß ‚ñÅ ‡πÄ‡∏£‡∏≤‡πÉ‡∏ä‡πâ‡∏î‡∏µ‡∏°‡∏≤‡∏Å‡∏Ñ‡πà‡∏∞ <CONT_START> ‡πÉ‡∏ä‡πâ ‡∏ä‡πà‡∏ß‡∏¢‡πÉ‡∏´‡πâ‡∏´‡∏ô‡πâ‡∏≤‡∏ï‡∏∂‡∏á‡∏Ç‡∏∂‡πâ‡∏ô ‡∏´‡∏ô‡πâ‡∏≤‡πÑ‡∏°‡πà‡πÄ‡∏´‡∏µ‡πà‡∏¢‡∏ß ‡πÄ‡∏£‡∏≤‡πÉ‡∏ä‡πâ‡∏°‡∏≤‡∏ï‡∏•‡∏≠‡∏î‡∏Ñ‡πà‡∏∞ ‡∏™‡∏±‡πà‡∏á‡∏≠‡∏µ‡∏Å‡πÅ‡∏ô‡πà <START>,<ATTRS> ‡πÑ‡∏°‡πà ‡πÄ‡∏´‡∏µ‡πà‡∏¢‡∏ß ‚ñÅ ‡πÄ‡∏£‡∏≤‡πÉ‡∏ä‡πâ‡∏î‡∏µ‡∏°‡∏≤‡∏Å‡∏Ñ‡πà‡∏∞ <CONT_START> ‡πÉ‡∏ä‡πâ ‡∏ä‡πà‡∏ß‡∏¢‡πÉ‡∏´‡πâ‡∏´‡∏ô‡πâ‡∏≤‡∏ï‡∏∂‡∏á‡∏Ç‡∏∂‡πâ‡∏ô ‡∏´‡∏ô‡πâ‡∏≤‡πÑ‡∏°‡πà‡πÄ‡∏´‡∏µ‡πà‡∏¢‡∏ß ‡πÄ‡∏£‡∏≤‡πÉ‡∏ä‡πâ‡∏°‡∏≤‡∏ï‡∏•‡∏≠‡∏î‡∏Ñ‡πà‡∏∞ ‡∏™‡∏±‡πà‡∏á‡∏≠‡∏µ‡∏Å‡πÅ‡∏ô‡πà <START> ‡πÉ‡∏ä‡πâ‡∏î‡∏µ‡∏°‡∏≤‡∏Å‡∏Ñ‡πà‡∏∞ ‡∏ä‡πà‡∏ß‡∏¢‡πÉ‡∏´‡πâ‡∏´‡∏ô‡πâ‡∏≤‡∏ï‡∏∂‡∏á‡∏Ç‡∏∂‡πâ‡∏ô ‡∏´‡∏ô‡πâ‡∏≤‡πÑ‡∏°‡πà‡πÄ‡∏´‡∏µ‡πà‡∏¢‡∏ß  ‡πÄ‡∏£‡∏≤‡πÉ‡∏ä‡πâ‡∏°‡∏≤‡∏ï‡∏•‡∏≠‡∏î‡∏Ñ‡πà‡∏∞ ‡∏™‡∏±‡πà‡∏á‡∏≠‡∏µ‡∏Å‡πÅ‡∏ô‡πà
<ATTRS> ‡πÄ‡∏•‡∏∑‡∏≠‡∏Å ‡πÑ‡∏°‡πà‡∏ú‡∏¥‡∏î‚ñÅ‡∏ä‡∏≠‡∏ö <CONT_START> ‡∏à‡∏≤‡∏Å‡∏Å‡∏≤‡∏£‡∏û‡∏¥‡∏™‡∏π‡∏à‡∏ô‡πå‡πÄ‡∏õ‡πá‡∏ô‡∏´‡∏ô‡∏±‡∏á‡πÅ‡∏ó‡πâ  ‡∏á‡∏≤‡∏ô‡πÄ‡∏¢‡πá‡∏ö‡∏•‡∏∞‡πÄ‡∏≠‡∏µ‡∏¢‡∏î ‡∏Ñ‡∏£‡∏±‡∏ö <START>,<ATTRS> ‡πÄ‡∏•‡∏∑‡∏≠‡∏Å ‡πÑ‡∏°‡πà‡∏ú‡∏¥‡∏î‚ñÅ‡∏ä‡∏≠‡∏ö <CONT_START> ‡∏à‡∏≤‡∏Å‡∏Å‡∏≤‡∏£‡∏û‡∏¥‡∏™‡∏π‡∏à‡∏ô‡πå‡πÄ‡∏õ‡πá‡∏ô‡∏´‡∏ô‡∏±‡∏á‡πÅ‡∏ó‡πâ  ‡∏á‡∏≤‡∏ô‡πÄ‡∏¢‡πá‡∏ö‡∏•‡∏∞‡πÄ‡∏≠‡∏µ‡∏¢‡∏î ‡∏Ñ‡∏£‡∏±‡∏ö <START> ‡∏à‡∏≤‡∏Å‡∏Å‡∏≤‡∏£‡∏û‡∏¥‡∏™‡∏π‡∏à‡∏ô‡πå‡πÄ‡∏õ‡πá‡∏ô‡∏´‡∏ô‡∏±‡∏á‡πÅ‡∏ó‡πâ ‡πÄ‡∏•‡∏∑‡∏≠‡∏Å‡πÑ‡∏°‡πà‡∏ú‡∏¥‡∏î ‡∏á‡∏≤‡∏ô‡πÄ‡∏¢‡πá‡∏ö‡∏•‡∏∞‡πÄ‡∏≠‡∏µ‡∏¢‡∏î ‡∏ä‡∏≠‡∏ö‡∏Ñ‡∏£‡∏±‡∏ö
<ATTRS> ‡∏™‡∏¥‡∏ô‡∏Ñ‡πâ‡∏≤ ‡∏Ñ‡∏∏‡∏ì‡∏†‡∏≤‡∏û‡∏õ‡∏£‡∏∞‡∏ó‡∏±‡∏ö‡πÉ‡∏à <CONT_START> ‡πÅ‡∏û‡πá‡∏Ñ‡∏™‡∏¥‡∏ô‡∏Ñ‡πâ‡∏≤‡∏î‡∏µ  ‡∏™‡∏°‡∏£‡∏≤‡∏Ñ‡∏≤ ‡πÅ‡∏ü‡∏ô‡∏Ñ‡∏£‡∏±‡∏ö <START>,<ATTRS> ‡∏™‡∏¥‡∏ô‡∏Ñ‡πâ‡∏≤ ‡∏Ñ‡∏∏‡∏ì‡∏†‡∏≤‡∏û‡∏õ‡∏£‡∏∞‡∏ó‡∏±‡∏ö‡πÉ‡∏à <CONT_START> ‡πÅ‡∏û‡πá‡∏Ñ‡∏™‡∏¥‡∏ô‡∏Ñ‡πâ‡∏≤‡∏î‡∏µ  ‡∏™‡∏°‡∏£‡∏≤‡∏Ñ‡∏≤ ‡πÅ‡∏ü‡∏ô‡∏Ñ‡∏£‡∏±‡∏ö <START> ‡πÅ‡∏û‡πá‡∏Ñ‡∏™‡∏¥‡∏ô‡∏Ñ‡πâ‡∏≤‡∏î‡∏µ ‡∏™‡∏¥‡∏ô‡∏Ñ‡πâ‡∏≤‡∏Ñ‡∏∏‡∏ì‡∏†‡∏≤‡∏û ‡∏™‡∏°‡∏£‡∏≤‡∏Ñ‡∏≤ ‡πÅ‡∏ü‡∏ô‡∏õ‡∏£‡∏∞‡∏ó‡∏±‡∏ö‡πÉ‡∏à‡∏Ñ‡∏£‡∏±‡∏ö
<ATTRS> ‡πÑ‡∏î‡πâ ‡πÄ‡∏£‡πá‡∏ß‡∏°‡∏≤‡∏Å‡πÉ‡∏ä‡πâ ‡πÑ‡∏î‡πâ‡∏î‡∏µ‡∏Ñ‡∏∏‡πâ‡∏° <CONT_START> ‡∏™‡πà‡∏á‡∏Ç‡∏≠‡∏á ‡∏™‡∏¥‡∏ô‡∏Ñ‡πâ‡∏≤‡πÑ‡∏°‡πà‡∏°‡∏µ‡∏õ‡∏±‡∏ç‡∏´‡∏≤  <START>,<ATTRS> ‡πÑ‡∏î‡πâ ‡πÄ‡∏£‡πá‡∏ß‡∏°‡∏≤‡∏Å‡πÉ‡∏ä‡πâ ‡πÑ‡∏î‡πâ‡∏î‡∏µ‡∏Ñ‡∏∏‡πâ‡∏° <CONT_START> ‡∏™‡πà‡∏á‡∏Ç‡∏≠‡∏á ‡∏™‡∏¥‡∏ô‡∏Ñ‡πâ‡∏≤‡πÑ‡∏°‡πà‡∏°‡∏µ‡∏õ‡∏±‡∏ç‡∏´‡∏≤  <START> ‡∏™‡πà‡∏á‡∏Ç‡∏≠‡∏á‡πÑ‡∏î‡πâ‡πÄ‡∏£‡πá‡∏ß‡∏°‡∏≤‡∏Å ‡∏™‡∏¥‡∏ô‡∏Ñ‡πâ‡∏≤‡πÉ‡∏ä‡πâ‡πÑ‡∏î‡πâ‡∏î‡∏µ‡πÑ‡∏°‡πà‡∏°‡∏µ‡∏õ‡∏±‡∏ç‡∏´‡∏≤ ‡∏Ñ‡∏∏‡πâ‡∏°
<ATTRS> ‚ñÅ‡∏î‡∏µ‡πÉ‡∏à <CONT_START> ‡∏î‡πâ‡∏ß‡∏¢‡∏ô‡∏∞ ‡∏Ñ‡∏∏‡∏ì‡∏´‡∏ç‡∏¥‡∏á‡∏Å‡∏§‡∏ï‡∏¢‡∏≤ <START>,<ATTRS> ‚ñÅ‡∏î‡∏µ‡πÉ‡∏à <CONT_START> ‡∏î‡πâ‡∏ß‡∏¢‡∏ô‡∏∞ ‡∏Ñ‡∏∏‡∏ì‡∏´‡∏ç‡∏¥‡∏á‡∏Å‡∏§‡∏ï‡∏¢‡∏≤ <START> ‡∏î‡∏µ‡πÉ‡∏à‡∏î‡πâ‡∏ß‡∏¢‡∏ô‡∏∞ ‡∏Ñ‡∏∏‡∏ì‡∏´‡∏ç‡∏¥‡∏á‡∏Å‡∏§‡∏ï‡∏¢‡∏≤
<ATTRS> ‡∏Ñ‡∏ß‡∏≤‡∏°‡∏†‡∏π‡∏°‡∏¥‡πÉ‡∏à‡∏ó‡∏µ‡πà‡∏™‡∏∏‡∏î <CONT_START> ‡πÄ‡∏ò‡∏≠‡πÄ‡∏õ‡πá‡∏ô‡∏Ç‡∏≠‡∏á‡∏â‡∏±‡∏ô <START>,<ATTRS> ‡∏Ñ‡∏ß‡∏≤‡∏°‡∏†‡∏π‡∏°‡∏¥‡πÉ‡∏à‡∏ó‡∏µ‡πà‡∏™‡∏∏‡∏î <CONT_START> ‡πÄ‡∏ò‡∏≠‡πÄ‡∏õ‡πá‡∏ô‡∏Ç‡∏≠‡∏á‡∏â‡∏±‡∏ô <START> ‡πÄ‡∏ò‡∏≠‡πÄ‡∏õ‡πá‡∏ô‡∏Ñ‡∏ß‡∏≤‡∏°‡∏†‡∏π‡∏°‡∏¥‡πÉ‡∏à‡∏ó‡∏µ‡πà‡∏™‡∏∏‡∏î‡∏Ç‡∏≠‡∏á‡∏â‡∏±‡∏ô
<ATTRS>  <CONT_START> ‡∏ï‡∏¥‡∏î‡∏°‡∏´‡∏¥‡∏î‡∏• ‡∏£‡∏≠‡∏ö‡∏û‡∏≠‡∏£‡πå‡∏ï‡πÅ‡∏•‡πâ‡∏ß ‡πÄ‡∏¢‡πâ‡πÜ‡πÜ <START>,<ATTRS>  <CONT_START> ‡∏ï‡∏¥‡∏î‡∏°‡∏´‡∏¥‡∏î‡∏• ‡∏£‡∏≠‡∏ö‡∏û‡∏≠‡∏£‡πå‡∏ï‡πÅ‡∏•‡πâ‡∏ß ‡πÄ‡∏¢‡πâ‡πÜ‡πÜ <START> ‡∏ï‡∏¥‡∏î‡∏°‡∏´‡∏¥‡∏î‡∏• ‡∏£‡∏≠‡∏ö‡∏û‡∏≠‡∏£‡πå‡∏ï‡πÅ‡∏•‡πâ‡∏ß ‡πÄ‡∏¢‡πâ‡πÜ‡πÜ
<ATTRS> ‡∏ü‡∏¥‡∏ô <CONT_START> ‡πÄ‡∏≠‡∏≤‡∏´‡∏°‡∏π‡∏Ñ‡∏∏‡πÇ‡∏£‡∏ö‡∏∏‡∏ï‡∏∞‡∏°‡∏≤‡∏ó‡∏≥‡∏™‡πÄ‡∏ï‡πä‡∏Å‡∏ô‡∏µ‡πà ‡∏Å‡∏¥‡∏ô‡πÅ‡∏•‡πâ‡∏ß‡∏Ç‡∏±‡πâ‡∏ô‡πÄ‡∏ó‡∏û‡∏û‡∏û‡∏û <START>,<ATTRS> ‡∏ü‡∏¥‡∏ô <CONT_START> ‡πÄ‡∏≠‡∏≤‡∏´‡∏°‡∏π‡∏Ñ‡∏∏‡πÇ‡∏£‡∏ö‡∏∏‡∏ï‡∏∞‡∏°‡∏≤‡∏ó‡∏≥‡∏™‡πÄ‡∏ï‡πä‡∏Å‡∏ô‡∏µ‡πà ‡∏Å‡∏¥‡∏ô‡πÅ‡∏•‡πâ‡∏ß‡∏Ç‡∏±‡πâ‡∏ô‡πÄ‡∏ó‡∏û‡∏û‡∏û‡∏û <START> ‡πÄ‡∏≠‡∏≤‡∏´‡∏°‡∏π‡∏Ñ‡∏∏‡πÇ‡∏£‡∏ö‡∏∏‡∏ï‡∏∞‡∏°‡∏≤‡∏ó‡∏≥‡∏™‡πÄ‡∏ï‡πä‡∏Å‡∏ô‡∏µ‡πà ‡∏Å‡∏¥‡∏ô‡πÅ‡∏•‡πâ‡∏ß‡∏ü‡∏¥‡∏ô‡∏Ç‡∏±‡πâ‡∏ô‡πÄ‡∏ó‡∏û‡∏û‡∏û‡∏û
<ATTRS> ‚ñÅ‡∏¢‡∏¥‡∏ô‡∏î‡∏µ‡∏î‡πâ‡∏ß‡∏¢‚ñÅ ‡∏°‡∏≤ <CONT_START> ‡πÅ‡∏ô‡∏ô‡πÑ‡∏î‡πâ‡∏ú‡∏π‡πâ‡πÅ‡∏ó‡∏ô‡πÄ‡∏•‡∏Ç‡∏•‡∏∞ ‡∏™‡∏≠‡∏ô‡∏Ç‡πâ‡∏≤‡∏ô‡πâ‡∏≠‡∏¢‡∏î‡πâ‡∏ß‡∏¢‡∏î‡πà‡∏ß‡∏ô‡πÜ5555 <START>,<ATTRS> ‚ñÅ‡∏¢‡∏¥‡∏ô‡∏î‡∏µ‡∏î‡πâ‡∏ß‡∏¢‚ñÅ ‡∏°‡∏≤ <CONT_START> ‡πÅ‡∏ô‡∏ô‡πÑ‡∏î‡πâ‡∏ú‡∏π‡πâ‡πÅ‡∏ó‡∏ô‡πÄ‡∏•‡∏Ç‡∏•‡∏∞ ‡∏™‡∏≠‡∏ô‡∏Ç‡πâ‡∏≤‡∏ô‡πâ‡∏≠‡∏¢‡∏î‡πâ‡∏ß‡∏¢‡∏î‡πà‡∏ß‡∏ô‡πÜ5555 <START> ‡∏¢‡∏¥‡∏ô‡∏î‡∏µ‡∏î‡πâ‡∏ß‡∏¢‡πÅ‡∏ô‡∏ô‡πÑ‡∏î‡πâ‡∏ú‡∏π‡πâ‡πÅ‡∏ó‡∏ô‡πÄ‡∏•‡∏Ç‡∏•‡∏∞ ‡∏°‡∏≤‡∏™‡∏≠‡∏ô‡∏Ç‡πâ‡∏≤‡∏ô‡πâ‡∏≠‡∏¢‡∏î‡πâ‡∏ß‡∏¢‡∏î‡πà‡∏ß‡∏ô‡πÜ5555
<ATTRS> ‡∏ô‡πà‡∏≤‡∏£‡∏±‡∏Å‡∏°‡∏≤‡∏Å‡∏≠‡∏¢‡πà‡∏≤‡∏á‡∏™‡∏á‡∏ö ‡∏®‡∏û ‡∏™‡∏µ‡∏ä‡∏°‡∏û‡∏π‚ù§ <CONT_START> ‡∏°‡∏≤‡∏¢‡∏î‡πå ‡∏ï‡∏≤‡∏¢Ô∏è <START>,<ATTRS> ‡∏ô‡πà‡∏≤‡∏£‡∏±‡∏Å‡∏°‡∏≤‡∏Å‡∏≠‡∏¢‡πà‡∏≤‡∏á‡∏™‡∏á‡∏ö ‡∏®‡∏û ‡∏™‡∏µ‡∏ä‡∏°‡∏û‡∏π‚ù§ <CONT_START> ‡∏°‡∏≤‡∏¢‡∏î‡πå ‡∏ï‡∏≤‡∏¢Ô∏è <START> ‡∏ô‡πà‡∏≤‡∏£‡∏±‡∏Å‡∏°‡∏≤‡∏Å‡∏°‡∏≤‡∏¢‡∏î‡πå ‡∏ï‡∏≤‡∏¢‡∏≠‡∏¢‡πà‡∏≤‡∏á‡∏™‡∏á‡∏ö‡∏®‡∏û‡∏™‡∏µ‡∏ä‡∏°‡∏û‡∏π‚ù§Ô∏è
<ATTRS> ‡∏á‡∏î‡∏á‡∏≤‡∏° <CONT_START> ‡∏û‡∏£‡∏∞‡∏Ñ‡∏∏‡∏ì‡∏ó‡∏µ‡πà‡∏™‡∏≤‡∏°‡πÅ‡∏à‡πà‡∏°‡πÉ‡∏™ <START>,<ATTRS> ‡∏á‡∏î‡∏á‡∏≤‡∏° <CONT_START> ‡∏û‡∏£‡∏∞‡∏Ñ‡∏∏‡∏ì‡∏ó‡∏µ‡πà‡∏™‡∏≤‡∏°‡πÅ‡∏à‡πà‡∏°‡πÉ‡∏™ <START> ‡∏û‡∏£‡∏∞‡∏Ñ‡∏∏‡∏ì‡∏ó‡∏µ‡πà‡∏™‡∏≤‡∏°‡∏á‡∏î‡∏á‡∏≤‡∏°‡πÅ‡∏à‡πà‡∏°‡πÉ‡∏™
<ATTRS> ‚ñÅ‡∏ä‡∏≠‡∏ö <CONT_START> 5555555555 ‡∏Ç‡∏≥‡∏à‡∏±‡∏á‡πÄ‡∏•‡∏¢ ‡∏ï‡∏•‡∏Å‡∏î‡∏µ  <START>,<ATTRS> ‚ñÅ‡∏ä‡∏≠‡∏ö <CONT_START> 5555555555 ‡∏Ç‡∏≥‡∏à‡∏±‡∏á‡πÄ‡∏•‡∏¢ ‡∏ï‡∏•‡∏Å‡∏î‡∏µ  <START> 5555555555 ‡∏Ç‡∏≥‡∏à‡∏±‡∏á‡πÄ‡∏•‡∏¢ ‡∏ï‡∏•‡∏Å‡∏î‡∏µ ‡∏ä‡∏≠‡∏ö
<ATTRS> ‡∏ô‡πà‡∏≤‡∏£‡∏±‡∏Å‡∏à‡∏±‡∏á <CONT_START> ‡∏™‡∏ß‡∏±‡∏™‡∏î‡∏µ‡∏Ñ‡∏£‡∏±‡∏ö ‡∏´‡∏°‡∏≤‡∏Ñ‡∏∏‡∏ì‡πÄ‡∏•‡∏¢ ‡∏°‡∏±‡∏ô‡∏ä‡∏∑‡πà‡∏≠‡∏≠‡∏∞‡πÑ‡∏£‡∏´‡∏£‡∏≠‡∏Ñ‡∏±‡∏ö <START>,<ATTRS> ‡∏ô‡πà‡∏≤‡∏£‡∏±‡∏Å‡∏à‡∏±‡∏á <CONT_START> ‡∏™‡∏ß‡∏±‡∏™‡∏î‡∏µ‡∏Ñ‡∏£‡∏±‡∏ö ‡∏´‡∏°‡∏≤‡∏Ñ‡∏∏‡∏ì‡πÄ‡∏•‡∏¢ ‡∏°‡∏±‡∏ô‡∏ä‡∏∑‡πà‡∏≠‡∏≠‡∏∞‡πÑ‡∏£‡∏´‡∏£‡∏≠‡∏Ñ‡∏±‡∏ö <START> ‡∏™‡∏ß‡∏±‡∏™‡∏î‡∏µ‡∏Ñ‡∏£‡∏±‡∏ö ‡∏´‡∏°‡∏≤‡∏Ñ‡∏∏‡∏ì‡∏ô‡πà‡∏≤‡∏£‡∏±‡∏Å‡∏à‡∏±‡∏á‡πÄ‡∏•‡∏¢ ‡∏°‡∏±‡∏ô‡∏ä‡∏∑‡πà‡∏≠‡∏≠‡∏∞‡πÑ‡∏£‡∏´‡∏£‡∏≠‡∏Ñ‡∏±‡∏ö
<ATTRS> ‚ñÅ‡∏î‡∏µ‡πÉ‡∏à <CONT_START> ‡∏î‡πâ‡∏ß‡∏¢‡∏Ñ‡∏£‡∏±‡∏ö ‡∏û‡∏µ‡πà‡πÅ‡∏ö‡∏° <START>,<ATTRS> ‚ñÅ‡∏î‡∏µ‡πÉ‡∏à <CONT_START> ‡∏î‡πâ‡∏ß‡∏¢‡∏Ñ‡∏£‡∏±‡∏ö ‡∏û‡∏µ‡πà‡πÅ‡∏ö‡∏° <START> ‡∏î‡∏µ‡πÉ‡∏à‡∏î‡πâ‡∏ß‡∏¢‡∏Ñ‡∏£‡∏±‡∏ö ‡∏û‡∏µ‡πà‡πÅ‡∏ö‡∏°
<ATTRS> ‡∏ô‡πà‡∏≤‡∏¢‡∏¥‡∏ô‡∏î‡∏µ‡∏¢‡∏¥‡∏ô‡∏î‡∏µ <CONT_START>  ‡πÄ‡∏õ‡πá‡∏ô‡πÄ‡∏£‡∏∑‡πà‡∏≠‡∏á‡∏ó‡∏µ‡πà‡∏ô‡πà‡∏≤‡∏°‡∏≤‡∏Å <START>,<ATTRS> ‡∏ô‡πà‡∏≤‡∏¢‡∏¥‡∏ô‡∏î‡∏µ‡∏¢‡∏¥‡∏ô‡∏î‡∏µ <CONT_START>  ‡πÄ‡∏õ‡πá‡∏ô‡πÄ‡∏£‡∏∑‡πà‡∏≠‡∏á‡∏ó‡∏µ‡πà‡∏ô‡πà‡∏≤‡∏°‡∏≤‡∏Å <START> ‡∏¢‡∏¥‡∏ô‡∏î‡∏µ ‡πÄ‡∏õ‡πá‡∏ô‡πÄ‡∏£‡∏∑‡πà‡∏≠‡∏á‡∏ó‡∏µ‡πà‡∏ô‡πà‡∏≤‡∏¢‡∏¥‡∏ô‡∏î‡∏µ‡∏°‡∏≤‡∏Å
<ATTRS> ‚ñÅ‡∏ô‡πà‡∏≤‡∏£‡∏±‡∏Å <CONT_START>  ‡∏ô‡πà‡∏≤‡∏Å‡∏≠‡∏î ‡∏´‡∏•‡∏≤‡∏ô‡πÉ‡∏Ñ‡∏£‡πÄ‡∏ô‡∏µ‡πà‡∏¢ <START>,<ATTRS> ‚ñÅ‡∏ô‡πà‡∏≤‡∏£‡∏±‡∏Å <CONT_START>  ‡∏ô‡πà‡∏≤‡∏Å‡∏≠‡∏î ‡∏´‡∏•‡∏≤‡∏ô‡πÉ‡∏Ñ‡∏£‡πÄ‡∏ô‡∏µ‡πà‡∏¢ <START> ‡∏ô‡πà‡∏≤‡∏£‡∏±‡∏Å ‡∏ô‡πà‡∏≤‡∏Å‡∏≠‡∏î ‡∏´‡∏•‡∏≤‡∏ô‡πÉ‡∏Ñ‡∏£‡πÄ‡∏ô‡∏µ‡πà‡∏¢
<ATTRS> ‡∏ä‡∏≠‡∏ö <CONT_START> ‡πÄ‡∏£‡∏≤‡∏Å‡πâ‡πÄ‡∏ó‡∏≠‡πÄ‡∏´‡∏°‡∏∑‡∏≠‡∏ô‡∏Å‡∏±‡∏ô‡∏à‡πâ‡∏≤‡∏≤‡∏≤ ‡∏ï‡∏Å‡∏•‡∏á‡∏Ñ‡∏£‡∏±‡∏ä <START>,<ATTRS> ‡∏ä‡∏≠‡∏ö <CONT_START> ‡πÄ‡∏£‡∏≤‡∏Å‡πâ‡πÄ‡∏ó‡∏≠‡πÄ‡∏´‡∏°‡∏∑‡∏≠‡∏ô‡∏Å‡∏±‡∏ô‡∏à‡πâ‡∏≤‡∏≤‡∏≤ ‡∏ï‡∏Å‡∏•‡∏á‡∏Ñ‡∏£‡∏±‡∏ä <START> ‡πÄ‡∏£‡∏≤‡∏Å‡πâ‡∏ä‡∏≠‡∏ö‡πÄ‡∏ó‡∏≠‡πÄ‡∏´‡∏°‡∏∑‡∏≠‡∏ô‡∏Å‡∏±‡∏ô‡∏à‡πâ‡∏≤‡∏≤‡∏≤ ‡∏ï‡∏Å‡∏•‡∏á‡∏Ñ‡∏£‡∏±‡∏ä
<ATTRS> ‚ñÅ‡∏Ç‡∏≠‡∏ö‡∏Ñ‡∏∏‡∏ì <CONT_START> ‡πÑ‡∏°‡πà ‡πÑ‡∏°‡πà‡∏õ‡∏è‡∏¥‡πÄ‡∏™‡∏ò ‡∏™‡∏≥‡∏´‡∏£‡∏±‡∏ö‡∏ã‡∏π‡∏ä‡∏¥‡∏´‡∏ô‡πâ‡∏≤‡∏õ‡∏•‡∏≤‡πÑ‡∏´‡∏•‡∏ç‡∏µ‡πà‡∏õ‡∏∏‡πà‡∏ô‡∏á‡∏±‡∏ö <START>,<ATTRS> ‚ñÅ‡∏Ç‡∏≠‡∏ö‡∏Ñ‡∏∏‡∏ì <CONT_START> ‡πÑ‡∏°‡πà ‡πÑ‡∏°‡πà‡∏õ‡∏è‡∏¥‡πÄ‡∏™‡∏ò ‡∏™‡∏≥‡∏´‡∏£‡∏±‡∏ö‡∏ã‡∏π‡∏ä‡∏¥‡∏´‡∏ô‡πâ‡∏≤‡∏õ‡∏•‡∏≤‡πÑ‡∏´‡∏•‡∏ç‡∏µ‡πà‡∏õ‡∏∏‡πà‡∏ô‡∏á‡∏±‡∏ö <START> ‡πÑ‡∏°‡πà ‡πÑ‡∏°‡πà‡∏õ‡∏è‡∏¥‡πÄ‡∏™‡∏ò ‡∏Ç‡∏≠‡∏ö‡∏Ñ‡∏∏‡∏ì‡∏™‡∏≥‡∏´‡∏£‡∏±‡∏ö‡∏ã‡∏π‡∏ä‡∏¥‡∏´‡∏ô‡πâ‡∏≤‡∏õ‡∏•‡∏≤‡πÑ‡∏´‡∏•‡∏ç‡∏µ‡πà‡∏õ‡∏∏‡πà‡∏ô‡∏á‡∏±‡∏ö
<ATTRS> ‡∏î‡∏µ‡πÉ‡∏à‡∏°‡∏≤‡∏Å <CONT_START> ‡∏ó‡∏≥‡πÑ‡∏î‡πâ‡πÅ‡∏•‡πâ‡∏ß  <START>,<ATTRS> ‡∏î‡∏µ‡πÉ‡∏à‡∏°‡∏≤‡∏Å <CONT_START> ‡∏ó‡∏≥‡πÑ‡∏î‡πâ‡πÅ‡∏•‡πâ‡∏ß  <START> ‡∏ó‡∏≥‡πÑ‡∏î‡πâ‡πÅ‡∏•‡πâ‡∏ß ‡∏î‡∏µ‡πÉ‡∏à‡∏°‡∏≤‡∏Å
<ATTRS>  <CONT_START> ‡∏ô‡πâ‡∏≥‡∏´‡∏ô‡∏±‡∏Å‡∏•‡∏á‡∏™‡∏µ‡πà‡πÇ‡∏•‡πÅ‡∏•‡πâ‡∏ß‡∏≠‡πà‡∏≠ ‡∏Ñ‡∏≠‡∏ô‡πÄ‡∏Å‡∏£‡∏ó‡∏Ñ‡πà‡∏∞‡πÄ‡∏û‡∏∑‡πà‡∏≠‡∏ô <START>,<ATTRS>  <CONT_START> ‡∏ô‡πâ‡∏≥‡∏´‡∏ô‡∏±‡∏Å‡∏•‡∏á‡∏™‡∏µ‡πà‡πÇ‡∏•‡πÅ‡∏•‡πâ‡∏ß‡∏≠‡πà‡∏≠ ‡∏Ñ‡∏≠‡∏ô‡πÄ‡∏Å‡∏£‡∏ó‡∏Ñ‡πà‡∏∞‡πÄ‡∏û‡∏∑‡πà‡∏≠‡∏ô <START> ‡∏ô‡πâ‡∏≥‡∏´‡∏ô‡∏±‡∏Å‡∏•‡∏á‡∏™‡∏µ‡πà‡πÇ‡∏•‡πÅ‡∏•‡πâ‡∏ß‡∏≠‡πà‡∏≠ ‡∏Ñ‡∏≠‡∏ô‡πÄ‡∏Å‡∏£‡∏ó‡∏Ñ‡πà‡∏∞‡πÄ‡∏û‡∏∑‡πà‡∏≠‡∏ô
<ATTRS> ‡∏™‡∏ß‡∏¢‡∏à‡∏±‡∏á <CONT_START>  ‡∏û‡∏µ‡πà‡πÄ‡∏ö‡∏• <START>,<ATTRS> ‡∏™‡∏ß‡∏¢‡∏à‡∏±‡∏á <CONT_START>  ‡∏û‡∏µ‡πà‡πÄ‡∏ö‡∏• <START> ‡∏™‡∏ß‡∏¢‡∏à‡∏±‡∏á ‡∏û‡∏µ‡πà‡πÄ‡∏ö‡∏•
<ATTRS> ‡∏î‡∏µ‡∏°‡∏≤‡∏Å‡∏¢‡∏≠‡∏î‡πÄ‡∏¢‡∏µ‡πà‡∏¢‡∏° <CONT_START> ‡πÄ‡∏õ‡πá‡∏ô‡∏á‡∏≤‡∏ô‡∏ó‡∏µ‡πà‡∏î‡∏π  <START>,<ATTRS> ‡∏î‡∏µ‡∏°‡∏≤‡∏Å‡∏¢‡∏≠‡∏î‡πÄ‡∏¢‡∏µ‡πà‡∏¢‡∏° <CONT_START> ‡πÄ‡∏õ‡πá‡∏ô‡∏á‡∏≤‡∏ô‡∏ó‡∏µ‡πà‡∏î‡∏π  <START> ‡πÄ‡∏õ‡πá‡∏ô‡∏á‡∏≤‡∏ô‡∏ó‡∏µ‡πà‡∏î‡∏π‡∏î‡∏µ‡∏°‡∏≤‡∏Å ‡∏¢‡∏≠‡∏î‡πÄ‡∏¢‡∏µ‡πà‡∏¢‡∏°
<ATTRS> ‡∏ó‡∏∏‡∏Å‡∏Ñ‡∏ô ‚ñÅ ‡∏ó‡∏µ‡πà‡∏ó‡πç‡∏≤‡πÉ‡∏´‡πâ ‡∏ú‡∏°‡πÑ‡∏î‡πâ‚ñÅ‡∏Ç‡∏≠‡∏ö‡∏Ñ‡∏∏‡∏ì <CONT_START> ‡πÅ‡∏ü‡∏ô‡∏Ñ‡∏•‡∏±‡∏ö‡∏ó‡∏∏‡∏Å‡∏Ñ‡∏ô ‡∏ó‡∏µ‡πà‡∏ó‡∏≥‡πÉ‡∏´‡πâ‡∏ú‡∏°‡πÑ‡∏î‡πâ‡∏£‡∏±‡∏ö‡∏£‡∏≤‡∏á‡∏ß‡∏±‡∏•‡∏ô‡∏µ‡πâ‡∏Ñ‡∏£‡∏±‡∏ö\uf04a <START>,<ATTRS> ‡∏ó‡∏∏‡∏Å‡∏Ñ‡∏ô ‚ñÅ ‡∏ó‡∏µ‡πà‡∏ó‡πç‡∏≤‡πÉ‡∏´‡πâ ‡∏ú‡∏°‡πÑ‡∏î‡πâ‚ñÅ‡∏Ç‡∏≠‡∏ö‡∏Ñ‡∏∏‡∏ì <CONT_START> ‡πÅ‡∏ü‡∏ô‡∏Ñ‡∏•‡∏±‡∏ö‡∏ó‡∏∏‡∏Å‡∏Ñ‡∏ô ‡∏ó‡∏µ‡πà‡∏ó‡∏≥‡πÉ‡∏´‡πâ‡∏ú‡∏°‡πÑ‡∏î‡πâ‡∏£‡∏±‡∏ö‡∏£‡∏≤‡∏á‡∏ß‡∏±‡∏•‡∏ô‡∏µ‡πâ‡∏Ñ‡∏£‡∏±‡∏ö\uf04a <START> ‡∏Ç‡∏≠‡∏ö‡∏Ñ‡∏∏‡∏ì‡πÅ‡∏ü‡∏ô‡∏Ñ‡∏•‡∏±‡∏ö‡∏ó‡∏∏‡∏Å‡∏Ñ‡∏ô ‡∏ó‡∏µ‡πà‡∏ó‡∏≥‡πÉ‡∏´‡πâ‡∏ú‡∏°‡πÑ‡∏î‡πâ‡∏£‡∏±‡∏ö‡∏£‡∏≤‡∏á‡∏ß‡∏±‡∏•‡∏ô‡∏µ‡πâ‡∏Ñ‡∏£‡∏±‡∏ö\uf04a
<ATTRS> ‡∏°‡∏≤‡∏Å‡∏Ñ‡∏£‡∏±‡∏ö ‚ñÅ‡∏û‡∏µ‡πà‚ñÅ‡∏ä‡∏≠‡∏ö‡∏á‡∏≤‡∏° <CONT_START> ‡∏°‡∏≤‡∏Å‡∏Ñ‡∏£‡∏±‡∏ö ‡∏û‡∏µ‡πà‡∏õ‡πä‡∏≠‡∏ö‡∏ï‡∏≤‡πÅ‡∏´‡∏•‡∏° ‡∏ô‡πâ‡∏≥‡πÉ‡∏à‡∏à‡∏£‡∏¥‡∏á‡πÜ <START>,<ATTRS> ‡∏°‡∏≤‡∏Å‡∏Ñ‡∏£‡∏±‡∏ö ‚ñÅ‡∏û‡∏µ‡πà‚ñÅ‡∏ä‡∏≠‡∏ö‡∏á‡∏≤‡∏° <CONT_START> ‡∏°‡∏≤‡∏Å‡∏Ñ‡∏£‡∏±‡∏ö ‡∏û‡∏µ‡πà‡∏õ‡πä‡∏≠‡∏ö‡∏ï‡∏≤‡πÅ‡∏´‡∏•‡∏° ‡∏ô‡πâ‡∏≥‡πÉ‡∏à‡∏à‡∏£‡∏¥‡∏á‡πÜ <START> ‡∏ä‡∏≠‡∏ö‡∏°‡∏≤‡∏Å‡∏Ñ‡∏£‡∏±‡∏ö ‡∏û‡∏µ‡πà‡∏õ‡πä‡∏≠‡∏ö‡∏ï‡∏≤‡πÅ‡∏´‡∏•‡∏° ‡∏ô‡πâ‡∏≥‡πÉ‡∏à‡∏á‡∏≤‡∏°‡∏à‡∏£‡∏¥‡∏á‡πÜ
<ATTRS> ‡∏á‡∏î‡∏á‡∏≤‡∏° <CONT_START> ‡∏ô‡∏≤‡∏¨‡∏¥‡∏Å‡∏≤‡πÄ‡∏£‡∏∑‡∏≠‡∏ô‡∏î‡∏±‡∏á‡∏Å‡∏•‡πà‡∏≤‡∏ß ‡πÄ‡∏´‡∏•‡∏∑‡∏≠‡πÄ‡∏Å‡∏¥‡∏ô <START>,<ATTRS> ‡∏á‡∏î‡∏á‡∏≤‡∏° <CONT_START> ‡∏ô‡∏≤‡∏¨‡∏¥‡∏Å‡∏≤‡πÄ‡∏£‡∏∑‡∏≠‡∏ô‡∏î‡∏±‡∏á‡∏Å‡∏•‡πà‡∏≤‡∏ß ‡πÄ‡∏´‡∏•‡∏∑‡∏≠‡πÄ‡∏Å‡∏¥‡∏ô <START> ‡∏ô‡∏≤‡∏¨‡∏¥‡∏Å‡∏≤‡πÄ‡∏£‡∏∑‡∏≠‡∏ô‡∏î‡∏±‡∏á‡∏Å‡∏•‡πà‡∏≤‡∏ß ‡∏á‡∏î‡∏á‡∏≤‡∏°‡πÄ‡∏´‡∏•‡∏∑‡∏≠‡πÄ‡∏Å‡∏¥‡∏ô
<ATTRS> ‡∏ö‡πâ‡∏≤‡∏ô ‡∏ó‡∏µ‡πà‡∏î‡∏µ <CONT_START> ‡∏ö‡πâ‡∏≤‡∏ô‡πÄ‡∏°‡∏∑‡∏≠‡∏á‡∏ô‡∏µ‡πâ‡πÄ‡∏õ‡πá‡∏ô ‡∏î‡∏±‡πà‡∏á‡∏™‡∏ß‡∏ô‡∏™‡∏ß‡∏£‡∏£‡∏Ñ‡πå‡∏™‡∏£‡∏≤‡∏ç‡πÉ‡∏à <START>,<ATTRS> ‡∏ö‡πâ‡∏≤‡∏ô ‡∏ó‡∏µ‡πà‡∏î‡∏µ <CONT_START> ‡∏ö‡πâ‡∏≤‡∏ô‡πÄ‡∏°‡∏∑‡∏≠‡∏á‡∏ô‡∏µ‡πâ‡πÄ‡∏õ‡πá‡∏ô ‡∏î‡∏±‡πà‡∏á‡∏™‡∏ß‡∏ô‡∏™‡∏ß‡∏£‡∏£‡∏Ñ‡πå‡∏™‡∏£‡∏≤‡∏ç‡πÉ‡∏à <START> ‡∏ö‡πâ‡∏≤‡∏ô‡πÄ‡∏°‡∏∑‡∏≠‡∏á‡∏ô‡∏µ‡πâ‡πÄ‡∏õ‡πá‡∏ô‡∏ö‡πâ‡∏≤‡∏ô‡∏ó‡∏µ‡πà‡∏î‡∏µ ‡∏î‡∏±‡πà‡∏á‡∏™‡∏ß‡∏ô‡∏™‡∏ß‡∏£‡∏£‡∏Ñ‡πå‡∏™‡∏£‡∏≤‡∏ç‡πÉ‡∏à
